Date,Open,High,Low,Close,Volume,Dividends,Stock Splits,Return_1d,Return_5d,MA_5,MA_20,Volume_MA,Volume_Ratio,Target
2024-01-16 00:00:00+07:00,9092.720703125,9139.590397471005,9069.285855951997,9092.720703125,44869200,0.0,0.0,-0.0025706637951619093,0.007792224098095879,9045.851171875,8861.887939453125,75166040.0,0.5969344666820282,1
2024-01-17 00:00:00+07:00,9139.5908203125,9139.5908203125,9045.851427283653,9139.5908203125,107706100,0.0,0.0,0.005154685678555149,0.02094237753550443,9083.346875,8886.49453125,66800670.0,1.612350594687149,0
2024-01-18 00:00:00+07:00,9069.287109375,9139.591660610466,9022.417408551357,9069.287109375,71048900,0.0,0.0,-0.007692216459105783,0.010443957976098206,9102.094921875,8908.7576171875,64767505.0,1.0969837420786859,0
2024-01-19 00:00:00+07:00,9163.025096387986,9163.025096387986,8998.98116883117,9022.416015625,63176500,0.0,0.0,-0.005168112243524536,-0.007731974817596354,9088.033984375,8926.33369140625,64667605.0,0.9769420098363005,0
2024-01-22 00:00:00+07:00,8998.98116883117,9045.85086241883,8928.676628449675,9022.416015625,52868300,0.0,0.0,0.0,-0.010282762305029558,9069.2861328125,8941.56630859375,63664115.0,0.8304254288306686,0
2024-01-23 00:00:00+07:00,8858.372360229492,8998.9814453125,8858.372360229492,8998.9814453125,92348600,0.0,0.0,-0.0025973719535783424,-0.010309263956637671,9050.53828125,8954.45546875,63875710.0,1.4457545755655787,0
2024-01-24 00:00:00+07:00,8998.981299212597,8998.981299212597,8881.807063545768,8928.6767578125,84906000,0.0,0.0,-0.007812516108322565,-0.023076969926405178,9008.35546875,8963.82939453125,64898530.0,1.3082884928210239,0
2024-01-25 00:00:00+07:00,8858.373463199014,8975.54771535773,8858.373463199014,8905.2431640625,63212700,0.0,0.0,-0.0026245315387295465,-0.018087854462444652,8975.5466796875,8969.688134765625,64835930.0,0.9749640361447734,0
2024-01-26 00:00:00+07:00,8811.50348846925,8858.373187876003,8717.764089655748,8764.6337890625,78977300,0.0,0.0,-0.01578950427400294,-0.02857130796408336,8923.990234375,8967.344677734374,65275565.0,1.2099060345168977,1
2024-01-29 00:00:00+07:00,8811.503210896597,8952.1123046875,8788.068361931446,8952.1123046875,73452800,0.0,0.0,0.02139034215656066,-0.007792115860734916,8909.9294921875,8974.375146484375,64953035.0,1.1308601668882754,1
2024-01-30 00:00:00+07:00,8905.242470854922,9045.8515625,8881.80762224741,9045.8515625,73136400,0.0,0.0,0.010471188767752215,0.005208380245290245,8919.303515625,8984.92080078125,67082595.0,1.0902440491456837,0
2024-01-31 00:00:00+07:00,9092.721398478403,9092.721398478403,8952.1123046875,8952.1123046875,102581200,0.0,0.0,-0.010362679197733038,0.002624750286148947,8923.990625,8994.2947265625,70481490.0,1.455434611271697,1
2024-02-01 00:00:00+07:00,9045.851008778995,9116.155550298003,8975.546467259986,9092.720703125,104208700,0.0,0.0,0.015706728607937093,0.02105248959613748,8961.4861328125,9004.840380859376,72866835.0,1.430125241476455,0
2024-02-02 00:00:00+07:00,9163.025244644008,9186.46009181701,9022.416161605992,9092.720703125,99324000,0.0,0.0,0.0,0.03743304306358164,9027.103515625,9010.699072265625,73568530.0,1.3500881423075872,0
2024-02-05 00:00:00+07:00,9069.28626795039,9069.28626795039,8928.677178524804,8975.546875,57983300,0.0,0.0,-0.012886553095678988,0.0026177699200924387,9031.7904296875,9010.699072265625,73922895.0,0.7843753954711866,1
2024-02-06 00:00:00+07:00,9139.590249594155,9139.590249594155,9022.416015625,9022.416015625,87651000,0.0,0.0,0.005221870185486699,-0.0025907507671421026,9027.1033203125,9010.699072265625,75313015.0,1.1638227469714233,1
2024-02-07 00:00:00+07:00,9092.720703125,9116.155550298003,9045.851008778995,9092.720703125,92953500,0.0,0.0,0.007792224098095879,0.015706728607937093,9055.225,9017.7294921875,77321945.0,1.2021619476850978,1
2024-02-12 00:00:00+07:00,9139.590267259247,9186.4599609375,9092.720573580995,9186.4599609375,87949400,0.0,0.0,0.010309263956637782,0.010309263956637782,9073.9728515625,9028.275146484375,79750340.0,1.102809091472212,0
2024-02-13 00:00:00+07:00,9139.59011989878,9186.459812821337,9092.720426976222,9116.1552734375,66072400,0.0,0.0,-0.007653077224409444,0.0025772891390412056,9078.659765625,9029.446875,79641290.0,0.8296249345031955,1
2024-02-15 00:00:00+07:00,9327.07045625793,9350.505306650539,9233.3310546875,9233.3310546875,164748900,0.0,0.0,0.012853640348955642,0.02872072123042635,9130.2166015625,9035.3056640625,83458760.0,1.9740156695354687,1
2024-02-16 00:00:00+07:00,9350.505162531406,9373.940012562814,9256.76576240578,9327.0703125,142277200,0.0,0.0,0.010152268694504585,0.033766376583323154,9191.1474609375,9047.02314453125,88329160.0,1.610761383896326,0
2024-02-19 00:00:00+07:00,9280.199495648734,9350.504037282437,9209.894954015032,9256.7646484375,53341300,0.0,0.0,-0.007537807876099922,0.018041238774234136,9223.95625,9052.8818359375,85610920.0,0.6230665433802136,1
2024-02-20 00:00:00+07:00,9233.331047381547,9397.375,9233.331047381547,9397.375,63997700,0.0,0.0,0.015190010430505385,0.02295933797777927,9266.1392578125,9069.28623046875,85258360.0,0.7506325479401668,0
2024-02-21 00:00:00+07:00,9327.070033482143,9373.939732142857,9233.330636160714,9350.5048828125,75371600,0.0,0.0,-0.004987575486505524,0.025707066449146998,9313.0091796875,9085.690673828125,85868115.0,0.8777600393347402,0
2024-02-22 00:00:00+07:00,9350.504037282437,9350.504037282437,9256.7646484375,9256.7646484375,66913000,0.0,0.0,-0.010025152176253882,0.0025379349674787832,9317.6958984375,9097.40810546875,86570350.0,0.7729320720084879,0
2024-02-23 00:00:00+07:00,9280.201037690838,9303.63588879612,9186.461633269719,9209.896484375,55192300,0.0,0.0,-0.0050631258158228,-0.012562768822270476,9294.2611328125,9107.953857421875,84712535.0,0.6515245943236145,0
2024-02-26 00:00:00+07:00,9139.590267259247,9256.764501454878,9116.15542042012,9186.4599609375,41356000,0.0,0.0,-0.002544710842001474,-0.007594952466666305,9280.2001953125,9120.843017578125,82535035.0,0.501072059883418,1
2024-02-27 00:00:00+07:00,9139.590412381329,9280.199495648734,9139.590412381329,9256.7646484375,43735800,0.0,0.0,0.007653077224409444,-0.014962726459516573,9252.078125,9138.419091796875,81561190.0,0.5362329804162985,1
2024-02-28 00:00:00+07:00,9350.504604492187,9373.939453125,9280.20005859375,9373.939453125,54043100,0.0,0.0,0.012658289276834767,0.002506235824289549,9256.7650390625,9168.884375,80314480.0,0.6728936052378102,0
2024-02-29 00:00:00+07:00,9373.938884493671,9373.938884493671,9233.329801226266,9256.7646484375,126671200,0.0,0.0,-0.012500059902609828,0.0,9256.7650390625,9184.1169921875,82975400.0,1.5266115017221973,0
2024-03-01 00:00:00+07:00,9280.201037690838,9303.63588879612,9186.461633269719,9209.896484375,51520600,0.0,0.0,-0.0050631258158228,0.0,9256.7650390625,9192.31923828125,81894610.0,0.6291085579380621,0
2024-03-04 00:00:00+07:00,9186.460516826923,9209.895365084134,9139.5908203125,9139.5908203125,43822900,0.0,0.0,-0.007633708389858329,-0.005101980613239077,9247.3912109375,9201.6931640625,78956695.0,0.5550244979225638,1
2024-03-05 00:00:00+07:00,9280.199348294005,9280.199348294005,9163.025114098373,9186.4599609375,61952900,0.0,0.0,0.005128144306070448,-0.007594952466666305,9233.3302734375,9206.380126953125,76843905.0,0.8062174872554954,1
2024-03-06 00:00:00+07:00,9280.200612437186,9373.940012562814,9163.02636228015,9327.0703125,70242200,0.0,0.0,0.015306260753369827,-0.004999940618282461,9223.9564453125,9218.097607421874,75389815.0,0.9317200208012183,1
2024-03-07 00:00:00+07:00,9420.808738425927,9537.98297646605,9373.939043209877,9491.11328125,118369300,0.0,0.0,0.01758783447039658,0.025316473056496758,9270.826171875,9243.875927734374,78409115.0,1.5096369854448681,1
2024-03-08 00:00:00+07:00,9608.28822544643,9655.157924107143,9491.113978794643,9514.548828125,100947200,0.0,0.0,0.002469209478438872,0.033078802163179155,9331.756640625,9268.482568359375,79073925.0,1.2766180507670513,0
2024-03-13 00:00:00+07:00,9748.89703125,9748.89703125,9373.939453125,9373.939453125,141622600,0.0,0.0,-0.014778354448542919,0.0256410420794404,9378.6263671875,9282.543505859376,81507380.0,1.73754327522244,1
2024-03-14 00:00:00+07:00,9420.80848025121,9678.591796875,9397.373633285411,9678.591796875,110681100,0.0,0.0,0.03249992655419143,0.053571434266315165,9477.052734375,9307.15009765625,82643965.0,1.3392520554888672,0
2024-03-15 00:00:00+07:00,9561.418526785714,9655.157924107143,9420.809430803572,9514.548828125,154176800,0.0,0.0,-0.016949053353295218,0.02010047199641507,9514.5484375,9327.069775390624,87049185.0,1.7711458183094995,0
2024-03-18 00:00:00+07:00,9537.983677455357,9631.723074776786,9514.548828125,9514.548828125,62444100,0.0,0.0,0.0,0.002469209478438872,9519.235546875,9341.1306640625,81933945.0,0.7621273453877999,1
2024-03-19 00:00:00+07:00,9514.548549792691,9608.287944371928,9514.548549792691,9537.9833984375,55004800,0.0,0.0,0.0024630248618018324,0.0024630248618018324,9523.9224609375,9351.676318359376,77570325.0,0.7090959074878184,0
2024-03-20 00:00:00+07:00,9467.678433641975,9514.548128858025,9444.24358603395,9491.11328125,66269700,0.0,0.0,-0.004914048937763704,0.012499955724157852,9547.3572265625,9363.39375,78216745.0,0.8472571953742131,0
2024-03-21 00:00:00+07:00,9537.98297646605,9584.8526716821,9420.808738425927,9491.11328125,90279400,0.0,0.0,0.0,-0.019370433174538126,9509.8615234375,9368.0806640625,79530830.0,1.1351497274704665,0
2024-03-22 00:00:00+07:00,9373.939317759901,9491.113559231899,9327.069621171102,9467.6787109375,91968200,0.0,0.0,-0.002469106586136305,-0.004926152362469516,9500.4875,9373.93935546875,80360660.0,1.1444430645542234,1
2024-03-25 00:00:00+07:00,9661.875,9661.875,9518.025744416873,9661.875,66971000,227.5,0.0,0.020511499702472458,0.01548430456728589,9529.952734375,9394.194873046876,80363560.0,0.8333503393826754,0
2024-03-26 00:00:00+07:00,9637.900390625,9637.900390625,9542.000884250621,9637.900390625,65742700,0.0,0.0,-0.0024813619897794403,0.010475693656991192,9549.9361328125,9415.595068359375,80891080.0,0.8127311441508754,1
2024-03-27 00:00:00+07:00,9613.925248138958,9661.875,9589.950372208437,9661.875,39514100,0.0,0.0,0.0024875344632446783,0.01799174803732928,9584.0884765625,9439.3658203125,80798985.0,0.48904203437704075,0
2024-03-28 00:00:00+07:00,9613.925248138958,9685.84987593052,9565.975496277915,9661.875,79229700,0.0,0.0,0.0,0.01799174803732928,9618.2408203125,9459.621337890625,82573680.0,0.9595030765251107,0
2024-04-01 00:00:00+07:00,9661.875456059644,9685.850333121827,9422.126685437817,9446.1015625,79248700,0.0,0.0,-0.022332460055631054,-0.0022790326009450856,9613.925390625,9463.229443359374,83833960.0,0.9453054585516418,1
2024-04-02 00:00:00+07:00,9518.025656960228,9542.000532670454,9398.15127840909,9494.05078125,76763100,0.0,0.0,0.005076085455226753,-0.017369736076072173,9580.360546875,9475.09375,81338555.0,0.9437480171611113,0
2024-04-03 00:00:00+07:00,9350.201617864173,9398.151369750656,9134.427734375,9134.427734375,177418400,0.0,0.0,-0.037878778527836277,-0.05223883167953669,9479.666015625,9471.3203125,87633445.0,2.024551242964373,1
2024-04-04 00:00:00+07:00,9182.37791481599,9446.1015625,9182.37791481599,9446.1015625,75993500,0.0,0.0,0.03412078317200962,-0.022332460055631054,9436.511328125,9486.645849609375,89241975.0,0.8515443545484062,0
2024-04-05 00:00:00+07:00,9542.001341841604,9542.001341841604,9422.126953125,9422.126953125,70428600,0.0,0.0,-0.0025380427276133766,-0.024813822045410494,9388.56171875,9498.42919921875,89665760.0,0.7854570127995346,0
2024-04-16 00:00:00+07:00,8966.60412887533,9182.378025024736,8870.704619475593,9086.478515625,283265900,0.0,0.0,-0.035623425492975036,-0.03807105444458325,9316.637109375,9486.399609375,100316945.0,2.8237093942603617,1
2024-04-17 00:00:00+07:00,9158.40261031824,9278.276990034448,9134.427734375,9134.427734375,95620700,0.0,0.0,0.005276985871649487,-0.037878778527836277,9244.7125,9468.56533203125,99179515.0,0.9641174389691258,0
2024-04-18 00:00:00+07:00,9134.428270324868,9182.378025024736,9062.503638275066,9086.478515625,127134000,0.0,0.0,-0.0052492854664070165,-0.0052492854664070165,9235.12265625,9447.16181640625,100488855.0,1.2651552254227596,0
2024-04-19 00:00:00+07:00,8966.60412887533,9110.453392974934,8918.654374175461,9086.478515625,147784300,0.0,0.0,0.0,-0.03807105444458325,9163.198046875,9432.78876953125,100796940.0,1.4661585956875278,0
2024-04-22 00:00:00+07:00,9014.553267045454,9038.528142755682,8966.603515625,8966.603515625,128908000,0.0,0.0,-0.01319267962763182,-0.0483461366808392,9072.093359375,9397.18935546875,101708285.0,1.2674287055376068,1
2024-04-23 00:00:00+07:00,9014.555069087404,9374.178276630784,9014.555069087404,9326.228515625,178833000,0.0,0.0,0.040107159792816205,0.02638535925526364,9120.043359375,9387.77333984375,102941095.0,1.7372362320412464,1
2024-04-24 00:00:00+07:00,9422.127556728958,9542.001953125,9350.202918891331,9542.001953125,132832700,0.0,0.0,0.023136194565519963,0.044619567925005654,9201.558203125,9389.14599609375,106460525.0,1.2477178747709539,0
2024-04-25 00:00:00+07:00,9589.950647378517,9589.950647378517,9302.252127957161,9374.1767578125,104874100,0.0,0.0,-0.017588048727818273,0.031662237652659186,9259.0978515625,9380.9556640625,108953990.0,0.9625540101835647,0
2024-04-26 00:00:00+07:00,9302.251775568182,9422.126154119318,9230.3271484375,9230.3271484375,100932900,0.0,0.0,-0.015345305843002643,0.015831065089202623,9287.867578125,9367.916357421875,110687150.0,0.911875497742963,1
2024-04-29 00:00:00+07:00,9134.427731883769,9446.101119060906,9134.427731883769,9398.1513671875,90063500,0.0,0.0,0.01818182779993971,0.048128352146996844,9374.1771484375,9363.26826171875,110676355.0,0.8137555668507515,0
2024-04-30 00:00:00+07:00,9637.900126554528,9637.900126554528,9398.1513671875,9398.1513671875,109623000,0.0,0.0,0.0,0.007711890336163485,9388.56171875,9359.79189453125,111559095.0,0.9826451173703049,0
2024-05-02 00:00:00+07:00,9494.051609538612,9494.051609538612,9110.453564708769,9158.4033203125,97079400,0.0,0.0,-0.025510128269699006,-0.040201064168391976,9311.8419921875,9334.618310546875,113064515.0,0.8586195235525488,1
2024-05-03 00:00:00+07:00,9350.20205425127,9446.1015625,9278.277423064721,9446.1015625,81200400,0.0,0.0,0.031413580743863134,0.007672652921501433,9326.226953125,9325.028369140626,113837400.0,0.7133016038665676,0
2024-05-06 00:00:00+07:00,9446.101119060906,9470.075994997607,9374.176491250797,9398.1513671875,53076200,0.0,0.0,-0.0050761888378224596,0.01818182779993971,9359.791796875,9311.8421875,114515505.0,0.46348483552511077,0
2024-05-07 00:00:00+07:00,9302.2529296875,9350.202687057023,9230.328293633214,9302.2529296875,66746800,0.0,0.0,-0.01020396817982927,-0.01020396817982927,9340.612109375,9293.861083984375,113891360.0,0.586056747412622,0
2024-05-08 00:00:00+07:00,9206.353,9302.252510416667,8990.5791015625,8990.5791015625,112808900,0.0,0.0,-0.03350519820099862,-0.043367280404525976,9259.09765625,9271.0849609375,115569370.0,0.9761141728123983,1
2024-05-13 00:00:00+07:00,8822.754347112861,9134.427734375,8822.754347112861,9134.427734375,145469900,0.0,0.0,0.015999929613822017,-0.002617878367981885,9254.3025390625,9253.10380859375,119004710.0,1.2223877525519788,1
2024-05-14 00:00:00+07:00,9230.327953718095,9278.277709321826,9134.428442510634,9158.4033203125,95363500,0.0,0.0,0.0026247496432945105,-0.030456822879147416,9196.762890625,9254.302587890625,114901965.0,0.8299553449760411,0
2024-05-15 00:00:00+07:00,9110.4541015625,9206.353618421053,9038.529463918587,9110.4541015625,54741900,0.0,0.0,-0.005235543475537119,-0.030612112359613586,9139.2234375,9237.52021484375,113839385.0,0.4808696041356864,1
2024-05-16 00:00:00+07:00,9182.377662658691,9278.277168273926,9134.427909851074,9206.3525390625,61126000,0.0,0.0,0.010526197314747687,-0.010309372508990888,9120.043359375,9226.731494140626,113374255.0,0.5391523851689257,1
2024-05-17 00:00:00+07:00,9206.351923076923,9446.100671073718,9182.377048277243,9350.201171875,99848500,0.0,0.0,0.015624932045796847,0.039999878344877615,9191.9677734375,9239.917626953125,104203385.0,0.9582078355707926,0
2024-05-20 00:00:00+07:00,9302.252411774407,9398.151921174143,9086.478515625,9086.478515625,87890100,0.0,0.0,-0.028205024833397818,-0.0052492854664070165,9182.3779296875,9237.520166015625,103816855.0,0.846587964931128,0
2024-05-21 00:00:00+07:00,9062.503734375,9182.378122395834,8990.5791015625,8990.5791015625,75311400,0.0,0.0,-0.010554079217553025,-0.01832461542480679,9148.8130859375,9232.7251953125,101225725.0,0.743994671315024,1
2024-05-22 00:00:00+07:00,9086.479054418103,9182.37856950431,8942.629781788793,9038.529296875,121712700,0.0,0.0,0.005333382285037214,-0.007894755177479507,9134.428125,9230.327734375,99922145.0,1.218075332550157,0
2024-05-27 00:00:00+07:00,8918.654296875,8990.578928301411,8894.679419732864,8918.654296875,128578500,0.0,0.0,-0.01326266653153918,-0.03124997016644737,9076.8884765625,9227.9302734375,99905670.0,1.2869990261813968,0
2024-05-28 00:00:00+07:00,8918.654296875,9014.553805443547,8918.654296875,8918.654296875,73945700,0.0,0.0,0.0,-0.04615375295860735,8990.5791015625,9207.5515625,94661305.0,0.7811607921526119,0
2024-05-29 00:00:00+07:00,8894.680058380294,8942.629816107412,8774.8056640625,8774.8056640625,117351600,0.0,0.0,-0.016128961615083925,-0.03430073058848393,8928.24453125,9169.191748046875,93887250.0,1.249920516364043,0
2024-05-30 00:00:00+07:00,8630.9560546875,8870.704833984375,8415.182153320313,8630.9560546875,207115100,0.0,0.0,-0.016393480936465754,-0.03999998696552265,8856.319921875,9132.030712890624,98999300.0,2.092086509702594,1
2024-05-31 00:00:00+07:00,8726.855806587837,8870.705078125,8654.931170819256,8870.705078125,756431600,0.0,0.0,0.02777780606440361,-0.018567646708632535,8822.755078125,9114.049609375,131774235.0,5.740360397463131,1
2024-06-03 00:00:00+07:00,8966.604321091645,8966.604321091645,8846.729931772237,8894.6796875,72197700,0.0,0.0,0.002702672353984692,-0.0026881420197439887,8817.96015625,9088.876025390626,130880945.0,0.5516288104429564,1
2024-06-04 00:00:00+07:00,9134.42764559659,9134.42764559659,8966.603515625,8966.603515625,75353100,0.0,0.0,0.008086162813268905,0.005376284039487977,8827.55,9067.2986328125,129167450.0,0.5833753008207563,1
2024-06-05 00:00:00+07:00,9110.453662367725,9110.453662367725,8918.654637896825,9062.50390625,82087300,0.0,0.0,0.010695286175850915,0.03278685058129294,8885.0896484375,9062.503662109375,128417845.0,0.6392203513460298,1
2024-06-06 00:00:00+07:00,9134.428270324868,9134.428270324868,9062.503638275066,9086.478515625,44991300,0.0,0.0,0.002645472997640841,0.05277775231981452,8976.194140625,9044.522509765626,126607390.0,0.35536077317445686,0
2024-06-07 00:00:00+07:00,9110.453041219838,9110.453041219838,8942.62890625,8942.62890625,51599800,0.0,0.0,-0.015831172563456564,0.008108017061954076,8990.57890625,9021.74638671875,126533570.0,0.4077953384228391,1
2024-06-10 00:00:00+07:00,9110.452858431758,9134.427734375,9062.503106545275,9134.427734375,45584700,0.0,0.0,0.021447700685751636,0.02695409562774098,9038.528515625,9013.355126953125,125475465.0,0.3632957247857181,0
2024-06-11 00:00:00+07:00,9158.403068296371,9158.403068296371,8918.654296875,8918.654296875,68690900,0.0,0.0,-0.02362199841901358,-0.005347534176842417,9028.938671875,9009.75888671875,123269565.0,0.5572413596170311,0
2024-06-12 00:00:00+07:00,8918.654835304054,8942.62971389358,8870.705078125,8870.705078125,49785700,0.0,0.0,-0.005376284039487977,-0.021163999498276076,8990.57890625,8996.57275390625,118485355.0,0.4201844185722362,0
2024-06-13 00:00:00+07:00,9086.478534200918,9086.478534200918,8822.7548828125,8822.7548828125,84652200,0.0,0.0,-0.005405454796456266,-0.029023744716834332,8937.8341796875,8979.79033203125,117949790.0,0.7176969115417671,0
2024-06-14 00:00:00+07:00,8822.7548828125,8870.704637610394,8726.855373216713,8822.7548828125,52986300,0.0,0.0,0.0,-0.013404785627828097,8913.859375,8965.40537109375,117862010.0,0.4495621617177579,0
2024-06-19 00:00:00+07:00,8870.70428500518,8870.70428500518,8678.9052734375,8678.9052734375,100051000,0.0,0.0,-0.016304386927401993,-0.04986874648132167,8822.7548828125,8939.0330078125,119808260.0,0.8350926722414631,1
2024-06-20 00:00:00+07:00,8774.805630387931,9038.529296875,8726.855872844828,9038.529296875,81474800,0.0,0.0,0.0414365651089843,0.01344092909195993,8846.7298828125,8923.4494140625,118889575.0,0.6852981012002104,1
2024-06-21 00:00:00+07:00,9086.478157043457,9278.277168273926,9014.553527832031,9206.3525390625,166841200,0.0,0.0,0.018567538664229666,0.037837743221246445,8913.859375,8929.443115234375,122837130.0,1.3582310169571692,0
2024-06-24 00:00:00+07:00,9206.3525390625,9350.201797485352,9182.377662658691,9206.3525390625,79592300,0.0,0.0,0.0,0.04347821755733938,8990.57890625,8940.231787109375,123051175.0,0.646822754841634,0
2024-06-25 00:00:00+07:00,9206.3525390625,9206.3525390625,9062.503280639648,9206.3525390625,80029000,0.0,0.0,0.0,0.04347821755733938,9067.2984375,8948.62294921875,120966990.0,0.6615771790304115,0
2024-06-26 00:00:00+07:00,9134.428980777138,9254.30337685033,9062.504343133223,9110.4541015625,77913200,0.0,0.0,-0.010416550647295297,0.04972387813078116,9153.608203125,8958.212939453126,118433725.0,0.6578632902072447,1
2024-06-27 00:00:00+07:00,9182.377048277243,9350.201171875,9158.402173477565,9350.201171875,89150700,0.0,0.0,0.02631560047828807,0.03448258723991282,9215.942578125,8979.790283203125,119193975.0,0.7479463622217482,1
2024-06-28 00:00:00+07:00,9398.151979691436,9565.976122185926,9374.177102192223,9518.0263671875,166172300,0.0,0.0,0.01794883256814961,0.03385421390312504,9278.27734375,9016.951318359375,121635010.0,1.3661551883787406,0
2024-07-01 00:00:00+07:00,9446.102269580695,9494.052027294303,9422.127390723892,9470.0771484375,68634600,0.0,0.0,-0.005037727035018591,0.02864593857947728,9331.022265625,9058.907373046875,114710985.0,0.5983263067612923,1
2024-07-02 00:00:00+07:00,9589.950284090908,9589.950284090908,9446.101029829546,9494.05078125,78848500,0.0,0.0,0.0025315139926240793,0.03124997016644726,9388.5619140625,9090.074658203124,80831830.0,0.9754635024346227,1
2024-07-03 00:00:00+07:00,9565.976293945312,9589.951171875,9518.026538085936,9589.951171875,55860200,0.0,0.0,0.010101103610525852,0.05263152253083225,9484.461328125,9124.838232421875,80014955.0,0.6981219948195934,0
2024-07-04 00:00:00+07:00,9565.976219584923,9589.951097328245,9422.126953125,9422.126953125,67054000,0.0,0.0,-0.017500007637389015,0.0076924314170212504,9498.846484375,9147.614404296875,79600000.0,0.8423869346733668,1
2024-07-05 00:00:00+07:00,9518.027073845791,9565.976832404209,9470.077315287373,9542.001953125,36946900,0.0,0.0,0.012722711187864277,0.002518966118874477,9503.6416015625,9171.589306640624,77342980.0,0.47770204871857797,1
2024-07-08 00:00:00+07:00,9589.95063743781,9637.900390625,9542.000884250621,9637.900390625,72903600,0.0,0.0,0.010050138112641438,0.017721422915249363,9537.20625,9199.160400390625,78738595.0,0.925894092979434,1
2024-07-09 00:00:00+07:00,9685.84987593052,9733.799627791563,9661.875,9661.875,61853200,0.0,0.0,0.0024875344632446783,0.017676777027719304,9570.77109375,9235.122705078125,79251265.0,0.7804695609590585,1
2024-07-10 00:00:00+07:00,9757.775219001393,9805.72497437732,9637.900830561572,9685.8505859375,62325900,0.0,0.0,0.0024814630635876522,0.009999989816814603,9589.9509765625,9262.69384765625,80088325.0,0.7782145524956353,0
2024-07-11 00:00:00+07:00,9589.950372208437,9709.824751861042,9589.950372208437,9661.875,55908400,0.0,0.0,-0.002475320646831869,0.025445215084422435,9637.9005859375,9299.8548828125,79449200.0,0.7036999743232153,0
2024-07-12 00:00:00+07:00,9637.90012406948,9685.84987593052,9613.925248138958,9661.875,62646500,0.0,0.0,0.0,0.012562672640801686,9661.8751953125,9339.41337890625,80092240.0,0.7821793971550802,0
2024-07-15 00:00:00+07:00,9637.900390625,9661.875267218595,9542.000884250621,9637.900390625,36682600,0.0,0.0,-0.0024813619897794403,0.0,9661.8751953125,9380.170654296875,77693760.0,0.4721434514174626,0
2024-07-16 00:00:00+07:00,9565.976832404209,9613.926590962625,9542.001953125,9542.001953125,37192700,0.0,0.0,-0.009950137852979157,-0.01240680994889709,9637.9005859375,9416.1330078125,76904080.0,0.4836245359153897,0
2024-07-17 00:00:00+07:00,9494.05087093431,9542.000622807716,9398.1513671875,9398.1513671875,90666000,0.0,0.0,-0.015075514199657913,-0.029703041173038458,9580.3607421875,9452.0953125,76434830.0,1.1861869778476646,1
2024-07-18 00:00:00+07:00,9398.15205368193,9685.8505859375,9398.15205368193,9685.8505859375,65383200,0.0,0.0,0.03061232017973947,0.0024814630635876522,9585.155859375,9484.461376953124,75630250.0,0.8645112240142007,1
2024-07-19 00:00:00+07:00,9637.900564236112,9709.8251953125,9565.975933159722,9709.8251953125,53880300,0.0,0.0,0.002475219823213859,0.0049628250533668705,9594.7458984375,9509.635009765625,69982205.0,0.7699142946410448,0
2024-07-22 00:00:00+07:00,9709.825463625464,9733.800341313428,9685.8505859375,9685.8505859375,31285300,0.0,0.0,-0.002469108237558637,0.004975170251722227,9604.3359375,9533.609912109376,67566855.0,0.46302732308614925,1
2024-07-23 00:00:00+07:00,9781.750268734644,9781.750268734644,9709.825634405714,9757.775390625,39321100,0.0,0.0,0.007425760293259698,0.022613015440573703,9647.490625,9561.1810546875,65531460.0,0.6000339378979196,0
2024-07-24 00:00:00+07:00,9709.824751861042,9757.774503722085,9661.875,9661.875,24658000,0.0,0.0,-0.00982809982664068,0.028061224224719128,9700.2353515625,9588.752099609375,62868700.0,0.3922142496981805,1
2024-07-25 00:00:00+07:00,9805.723812955097,9877.6484375,9781.748938106795,9877.6484375,98088100,0.0,0.0,0.022332460055630943,0.01980185940932877,9738.594921875,9615.124462890624,63315570.0,1.5491939818278506,1
2024-07-26 00:00:00+07:00,9949.573776577634,9973.5486531477,9877.649146867434,9901.6240234375,75565800,0.0,0.0,0.0024272564557448195,0.019753067049816053,9776.9546875,9634.304345703125,58785245.0,1.285455219247619,0
2024-07-29 00:00:00+07:00,9973.548475609756,9997.523351753049,9757.774590320123,9829.69921875,69092500,0.0,0.0,-0.00726394018973564,0.014851419762901052,9805.7244140625,9652.28544921875,58808140.0,1.1748798720721314,0
2024-07-30 00:00:00+07:00,9877.649781173219,9877.649781173219,9757.775390625,9757.775390625,32122900,0.0,0.0,-0.007316991753705593,0.0,9805.7244140625,9665.4716796875,56471860.0,0.5688302103029721,1
2024-07-31 00:00:00+07:00,9925.599438298357,9925.599438298357,9805.725048946928,9853.6748046875,82519900,0.0,0.0,0.009827999746196081,0.019851199139659714,9844.084375,9678.657861328125,57804845.0,1.4275602676557648,1
2024-08-01 00:00:00+07:00,9781.750075301205,9949.57421875,9781.750075301205,9949.57421875,61176200,0.0,0.0,0.009732350210794438,0.007281670501344983,9858.46953125,9705.030224609374,57510955.0,1.0637312491159292,0
2024-08-02 00:00:00+07:00,9853.67463235294,9925.599264705883,9781.75,9781.75,55699900,0.0,0.0,-0.01686747744780226,-0.012106501231894273,9834.4947265625,9717.017626953126,58448605.0,0.9529722736753085,0
2024-08-05 00:00:00+07:00,9589.95154272152,9733.800815862342,9470.0771484375,9470.0771484375,126328300,0.0,0.0,-0.03186268832903105,-0.03658525681299851,9762.5703125,9708.62646484375,61119840.0,2.066895135851141,1
2024-08-06 00:00:00+07:00,9661.875805664062,9661.875805664062,9542.001416015624,9589.951171875,78473900,0.0,0.0,0.012658188688281058,-0.017199024575954125,9729.00546875,9705.0302734375,61950875.0,1.2667117292532188,1
2024-08-07 00:00:00+07:00,9589.951075185643,9685.8505859375,9589.951075185643,9685.8505859375,52327400,0.0,0.0,0.009999989816814603,-0.017031637645496867,9695.440625,9705.0302734375,61450950.0,0.8515311805594543,1
2024-08-08 00:00:00+07:00,9733.800948387836,9805.7255859375,9661.876310838172,9805.7255859375,54162100,0.0,0.0,0.012376300763305315,-0.01445776770441265,9666.6708984375,9712.222802734375,61363635.0,0.8826416492438885,0
2024-08-09 00:00:00+07:00,9805.725417564656,9829.700296336207,9685.851023706897,9733.80078125,47062400,0.0,0.0,-0.00733498037010627,-0.0049019059728576675,9657.0810546875,9715.819091796875,60584430.0,0.77680684624746,1
2024-08-12 00:00:00+07:00,9685.850490196079,9781.75,9661.875612745098,9781.75,40364100,0.0,0.0,0.004926053021586663,0.03291133183787465,9719.415625,9723.011572265625,60768505.0,0.6642272999804751,1
2024-08-13 00:00:00+07:00,9829.698687803399,9877.6484375,9757.774063258496,9877.6484375,55207100,0.0,0.0,0.009803811945715335,0.02999986761859086,9776.955078125,9739.793896484374,61669225.0,0.8952131310228075,0
2024-08-14 00:00:00+07:00,9877.649509803921,9877.649509803921,9781.75,9781.75,47999100,0.0,0.0,-0.009708630359421044,0.009900980116473557,9796.1349609375,9758.973828125,59535880.0,0.8062213912014066,1
2024-08-15 00:00:00+07:00,9781.75070675428,9877.650223487164,9757.775827571057,9805.7255859375,33396600,0.0,0.0,0.00245105282158109,0.0,9796.1349609375,9764.967578125,57936550.0,0.5764340472465136,1
2024-08-16 00:00:00+07:00,9877.649146867434,9901.6240234375,9829.6993937273,9901.6240234375,40731400,0.0,0.0,0.009779841038742632,0.01724128590249907,9829.699609375,9774.55751953125,57279105.0,0.711103988094786,1
2024-08-19 00:00:00+07:00,9901.624463478916,9997.523974021084,9853.674708207831,9949.57421875,51054400,0.0,0.0,0.004842659668656379,0.017156870575306016,9863.264453125,9787.743701171876,58267560.0,0.8762062458081307,1
2024-08-20 00:00:00+07:00,9901.624899299311,10021.499292753299,9877.650020608513,9997.5244140625,60304400,0.0,0.0,0.004819321335594262,0.012136084546945147,9887.2396484375,9799.73115234375,59316725.0,1.016650868705243,0
2024-08-21 00:00:00+07:00,10069.449050134892,10069.449050134892,9997.5244140625,9997.5244140625,84848800,0.0,0.0,0.0,0.02205887638331583,9930.39453125,9816.513623046874,62326265.0,1.3613650681618736,0
2024-08-22 00:00:00+07:00,9925.598900007566,9973.5486531477,9805.724517157234,9901.6240234375,56611600,0.0,0.0,-0.00959241374695785,0.009779841038742632,9949.57421875,9817.71240234375,60252440.0,0.9395735674771013,0
2024-08-23 00:00:00+07:00,9901.6240234375,9949.573776577634,9877.649146867434,9901.6240234375,46651600,0.0,0.0,0.0,0.0,9949.57421875,9817.71240234375,58806730.0,0.7933037596207101,0
2024-08-26 00:00:00+07:00,9853.674270297366,9949.573776577634,9829.6993937273,9901.6240234375,35145600,0.0,0.0,0.0,-0.004819321335594262,9939.9841796875,9821.308642578126,57109385.0,0.6154084832116473,0
2024-08-27 00:00:00+07:00,9853.67463235294,9877.649509803921,9757.77512254902,9781.75,60448400,0.0,0.0,-0.012106501231894273,-0.021582784410007716,9896.829296875,9822.507373046876,58525660.0,1.0328529400608213,1
2024-08-28 00:00:00+07:00,9877.648880963165,9925.5986328125,9829.699129113827,9925.5986328125,38489900,0.0,0.0,0.014705817753725148,-0.007194359150434204,9882.444140625,9826.103564453126,56324160.0,0.6833639418679303,0
2024-08-29 00:00:00+07:00,10069.449256952934,10069.449256952934,9805.7255859375,9805.7255859375,53004700,0.0,0.0,-0.012077160412140575,-0.009685122084317155,9863.264453125,9818.9111328125,55915585.0,0.9479414370787679,1
2024-08-30 00:00:00+07:00,9901.6240234375,9901.6240234375,9781.749640587168,9901.6240234375,158403700,0.0,0.0,0.009779841038742632,0.0,9863.264453125,9824.904833984376,61050775.0,2.594622263189943,0
2024-09-02 00:00:00+07:00,9949.574316168644,9949.574316168644,9781.750171076643,9853.6748046875,72008600,0.0,0.0,-0.004842561042158633,-0.004842561042158633,9853.674609375,9844.084716796875,58334790.0,1.2344023180678287,0
2024-09-03 00:00:00+07:00,9901.624659282863,9901.624659282863,9733.800512515356,9757.775390625,50950200,0.0,0.0,-0.009732350210794438,-0.0024509529864288337,9848.8796875,9852.475927734375,56958605.0,0.8945127781833843,1
2024-09-04 00:00:00+07:00,9733.799188410194,9877.6484375,9709.824313561892,9877.6484375,44817000,0.0,0.0,0.012284874582189076,-0.004830962553128426,9839.2896484375,9862.0658203125,56583085.0,0.7920564953289486,0
2024-09-05 00:00:00+07:00,9925.598723323172,9925.598723323172,9829.69921875,9829.69921875,39332900,0.0,0.0,-0.004854315179710467,0.0024448606686364727,9844.084375,9863.264501953125,55841625.0,0.7043652472505949,1
2024-09-06 00:00:00+07:00,9805.723812955097,9877.6484375,9805.723812955097,9877.6484375,31541800,0.0,0.0,0.004877994502470395,-0.0024213791475771185,9839.2892578125,9870.456884765625,55065595.0,0.5728041256977247,0
2024-09-09 00:00:00+07:00,9877.649682557785,9925.599438298357,9781.750171076643,9853.6748046875,36185100,0.0,0.0,-0.002427058723965647,0.0,9839.2892578125,9874.053125,54856645.0,0.6596302052376699,1
2024-09-10 00:00:00+07:00,9925.5986328125,9925.5986328125,9853.674005038496,9925.5986328125,55093100,0.0,0.0,0.0072991883282758074,0.017198924495509527,9872.85390625,9876.450634765624,54850945.0,1.0044147826441276,1
2024-09-11 00:00:00+07:00,9997.5244140625,9997.5244140625,9925.599777990108,9997.5244140625,64621300,0.0,0.0,0.007246493023828737,0.012136084546945147,9896.8291015625,9887.23935546875,55682055.0,1.160540860067036,1
2024-09-12 00:00:00+07:00,10021.49875540722,10069.44851021778,9949.574123191378,10045.4736328125,70759100,0.0,0.0,0.004796109193047293,0.021951273305587327,9939.983984375,9899.2267578125,57550180.0,1.2295200466792633,0
2024-09-13 00:00:00+07:00,9973.549535371703,9997.5244140625,9901.624899299311,9997.5244140625,70057100,0.0,0.0,-0.0047732163263440874,0.012136084546945147,9963.9591796875,9904.02177734375,59016465.0,1.1870771995577845,1
2024-09-17 00:00:00+07:00,10021.498488653275,10069.4482421875,9925.598981584822,10069.4482421875,89745000,0.0,0.0,0.00719416378957094,0.021897763197680664,10007.1138671875,9910.015478515625,60950995.0,1.4724123863769574,1
2024-09-18 00:00:00+07:00,10069.448851102941,10189.3232421875,10021.499094669118,10189.3232421875,65420200,0.0,0.0,0.011904823096241302,0.02657014645979805,10059.8587890625,9919.605419921874,61206785.0,1.0688390184192815,1
2024-09-19 00:00:00+07:00,10261.247849770642,10453.046875,10213.298093463301,10453.046875,140886600,0.0,0.0,0.025882350235056695,0.04556352573610756,10150.96328125,9942.38154296875,64008675.0,2.201054778903016,0
2024-09-20 00:00:00+07:00,10453.046258700697,10453.046258700697,10333.171875,10333.171875,142194600,0.0,0.0,-0.0114679481909431,0.028639589600610194,10208.5029296875,9963.958935546874,68287825.0,2.0822833352797514,1
2024-09-23 00:00:00+07:00,10285.223157908818,10500.9970703125,10285.223157908818,10500.9970703125,72553800,0.0,0.0,0.016241401705369363,0.05035973260958637,10309.1974609375,9993.927587890625,69582935.0,1.0426953102797403,0
2024-09-24 00:00:00+07:00,10333.17160825376,10500.99574110243,10333.17160825376,10357.146484375,105191100,0.0,0.0,-0.013698754982437,0.028571400862079432,10366.737109375,10016.7037109375,73085210.0,1.4392939419617183,1
2024-09-25 00:00:00+07:00,10237.273500504032,10405.09765625,10093.424224150345,10405.09765625,158369100,0.0,0.0,0.004629766697549442,0.02117652065145159,10409.8919921875,10047.87109375,77981245.0,2.030861394941822,0
2024-09-26 00:00:00+07:00,10429.072197174357,10429.072197174357,10237.273168260806,10261.248046875,84960100,0.0,0.0,-0.013824916798219067,-0.018348604997047824,10371.5322265625,10064.653564453125,80304755.0,1.05797097569129,0
2024-09-27 00:00:00+07:00,10069.448586047534,10309.19736190581,9973.549075704224,10213.2978515625,93027400,0.0,0.0,-0.004672939889324934,-0.011600893209520957,10347.557421875,10085.032177734374,82305890.0,1.1302641888691076,0
2024-09-30 00:00:00+07:00,10045.4732828579,10117.3979125681,9901.6240234375,9901.6240234375,144692100,0.0,0.0,-0.03051647299969007,-0.05707772727310767,10227.6828125,10085.032177734374,81620310.0,1.7727462686676883,1
2024-10-01 00:00:00+07:00,9973.549170616114,10117.3984375,9949.574292802134,10117.3984375,59797700,0.0,0.0,0.021791820569207143,-0.02314807917766626,10179.733203125,10098.218359375,81009765.0,0.7381542212843106,0
2024-10-02 00:00:00+07:00,9901.624104817709,10117.397995721727,9901.624104817709,10069.4482421875,86746200,0.0,0.0,-0.00473937995115159,-0.03225817048058999,10112.6033203125,10113.802001953125,82799565.0,1.0476649243265952,0
2024-10-03 00:00:00+07:00,10021.4990234375,10093.423657577005,9973.549267344499,10021.4990234375,60887000,0.0,0.0,-0.004761851652318905,-0.023364509106717724,10064.653515625,10120.99453125,83603065.0,0.7282866961875142,1
2024-10-04 00:00:00+07:00,9973.549000596659,10045.4736328125,9925.599245786098,10045.4736328125,58500400,0.0,0.0,0.0023923176880953356,-0.016431932289561635,10031.088671875,10131.783251953126,84561440.0,0.6918094110034076,0
2024-10-07 00:00:00+07:00,9925.598187196601,9949.573062044903,9829.698687803399,9877.6484375,91867900,0.0,0.0,-0.016706548784749864,-0.0024213791475771185,10026.2935546875,10131.783251953126,87577745.0,1.0489868173700978,1
2024-10-08 00:00:00+07:00,9781.75076998197,10069.449322040264,9733.801011305588,9973.5498046875,99622900,0.0,0.0,0.009708926957089803,-0.014217946807286608,9997.523828125,10137.777001953125,90749635.0,1.097777418057935,1
2024-10-09 00:00:00+07:00,9973.549535371703,10093.42392882569,9973.549535371703,9997.5244140625,56835200,0.0,0.0,0.002403819085931902,-0.007142777478478357,9983.1390625,10141.373291015625,90836740.0,0.6256851577896785,1
2024-10-10 00:00:00+07:00,9997.523611886161,10069.4482421875,9973.548735119048,10069.4482421875,51080000,0.0,0.0,0.00719416378957094,0.004784635376190671,9992.72890625,10144.969482421875,90159675.0,0.5665504007196122,0
2024-10-11 00:00:00+07:00,10141.373239834338,10141.373239834338,9949.57421875,9949.57421875,44632100,0.0,0.0,-0.011904726113519226,-0.00954652986686999,9973.5490234375,10140.17451171875,88853325.0,0.5023120969305312,1
2024-10-14 00:00:00+07:00,9949.573858351934,10069.4482421875,9949.573858351934,10069.4482421875,31738600,0.0,0.0,0.012048156112208108,0.019417557316510736,10011.908984375,10143.770703125,86937400.0,0.3650741798121407,1
2024-10-15 00:00:00+07:00,10117.398607536765,10189.3232421875,10021.499094669118,10189.3232421875,66635200,0.0,0.0,0.011904823096241302,0.021634567603862287,10055.063671875,10149.764453125,85781910.0,0.7767978120328634,0
2024-10-16 00:00:00+07:00,10261.247529460023,10285.222406865303,10045.4736328125,10045.4736328125,63255900,0.0,0.0,-0.014117680434301061,0.004796109193047293,10064.653515625,10142.57197265625,85673695.0,0.7383351447605943,1
2024-10-17 00:00:00+07:00,10117.398510343823,10357.14729020979,10069.44875437063,10285.22265625,66993300,0.0,0.0,0.023866373274266106,0.021428623383601186,10107.8083984375,10134.18076171875,81979030.0,0.8172004474802885,1
2024-10-18 00:00:00+07:00,10429.070664516716,10429.070664516716,10285.221413971656,10309.1962890625,56299600,0.0,0.0,0.002330881266622953,0.0361444683366241,10179.7328125,10132.981982421876,77684280.0,0.7247232001120433,0
2024-10-21 00:00:00+07:00,10405.097592213115,10405.097592213115,10237.2734375,10237.2734375,36472500,0.0,0.0,-0.006976572134804182,0.01666677173128228,10213.2978515625,10119.79580078125,75880215.0,0.4806588911220138,0
2024-10-22 00:00:00+07:00,10045.473365420386,10165.347749255952,10045.473365420386,10069.4482421875,94799500,0.0,0.0,-0.016393544271049998,-0.01176476564249862,10189.3228515625,10105.410888671875,75360635.0,1.2579445489014258,1
2024-10-23 00:00:00+07:00,10045.473708461708,10213.2978515625,10045.473708461708,10213.2978515625,48903000,0.0,0.0,0.014285748922400643,0.016706451570567937,10222.8876953125,10095.8208984375,69887330.0,0.6997405681401765,1
2024-10-24 00:00:00+07:00,10285.222925489194,10405.097318560163,10261.248046875,10261.248046875,85341200,0.0,0.0,0.004694878775631128,-0.0023309762147376567,10218.0927734375,10095.8208984375,69906385.0,1.2207926357513694,1
2024-10-25 00:00:00+07:00,10213.296788699128,10309.1962890625,10189.321913608284,10309.1962890625,34847500,0.0,0.0,0.004672749549417876,0.0,10218.0927734375,10100.6158203125,66997390.0,0.5201322021648903,0
2024-10-28 00:00:00+07:00,10381.121545179834,10381.121545179834,10165.34765625,10165.34765625,39061500,0.0,0.0,-0.013953428451557892,-0.0070258728253296265,10203.7076171875,10113.802001953125,61715860.0,0.6329248267787243,0
2024-10-29 00:00:00+07:00,10093.423118954614,10141.372872488839,10069.4482421875,10069.4482421875,49680100,0.0,0.0,-0.009433953201151701,0.0,10203.7076171875,10111.4044921875,61209980.0,0.811633985176927,0
2024-10-30 00:00:00+07:00,9853.674005038496,9973.548384661835,9853.674005038496,9925.5986328125,114484100,0.0,0.0,-0.014285748922400754,-0.02816908142025698,10146.1677734375,10104.21201171875,62596875.0,1.8289107882781688,0
2024-10-31 00:00:00+07:00,9901.623847179879,10045.473104039635,9829.69921875,9829.69921875,97553400,0.0,0.0,-0.009661826717984656,-0.042056173494063986,10059.8580078125,10094.622021484374,64430195.0,1.514094439726591,1
2024-11-01 00:00:00+07:00,9853.675141917716,9997.5244140625,9853.675141917716,9997.5244140625,47710000,0.0,0.0,0.01707327880311693,-0.030232412523822694,9997.5236328125,10092.224560546874,63890675.0,0.7467443410169011,0
2024-11-04 00:00:00+07:00,9997.523974021084,10069.448606927712,9877.649585843374,9949.57421875,49275700,0.0,0.0,-0.004796206873478925,-0.02122637068564348,9954.3689453125,10095.820849609376,61761065.0,0.797844078627854,1
2024-11-05 00:00:00+07:00,9877.649228050595,10141.372872488839,9877.649228050595,10069.4482421875,50296500,0.0,0.0,0.012048156112208108,0.0,9954.3689453125,10100.615771484376,59294745.0,0.8482454895454901,0
2024-11-06 00:00:00+07:00,10045.473901484002,10069.448779530503,9949.574389297997,10021.4990234375,50324900,0.0,0.0,-0.004761851652318905,0.009661925106256852,9973.5490234375,10101.814501953126,58969230.0,0.8534094815211255,0
2024-11-07 00:00:00+07:00,9901.624659282863,10021.499049831082,9757.775390625,9757.775390625,131579100,0.0,0.0,-0.026315786909296035,-0.007316991753705593,9959.1642578125,10086.230859375,62994185.0,2.088749937791877,0
2024-11-08 00:00:00+07:00,9781.749379652605,9805.724255583127,9637.90012406948,9661.875,92166100,0.0,0.0,-0.00982809982664068,-0.03357325275348921,9892.034375,10071.8458984375,65370885.0,1.4098952461787844,0
2024-11-11 00:00:00+07:00,9398.151624689055,9637.900390625,9398.151624689055,9637.900390625,128707600,0.0,0.0,-0.0024813619897794403,-0.031325343303399866,9829.699609375,10050.268505859374,70219335.0,1.832936754527795,1
2024-11-12 00:00:00+07:00,9685.851023706897,9805.725417564656,9589.95150862069,9733.80078125,80378500,0.0,0.0,0.009950340503444455,-0.03333325251439834,9762.5701171875,10027.4923828125,70906500.0,1.1335843681467848,0
2024-11-13 00:00:00+07:00,9805.725417564656,9829.700296336207,9733.80078125,9733.80078125,62933100,0.0,0.0,0.0,-0.02870810459739148,9705.03046875,10011.908740234376,70890360.0,0.8877525801815649,0
2024-11-14 00:00:00+07:00,9709.825463625464,9757.775219001393,9637.900830561572,9685.8505859375,56381400,0.0,0.0,-0.004926153348532192,-0.007371024829758155,9690.6455078125,9981.94013671875,70359765.0,0.8013301351987177,1
2024-11-15 00:00:00+07:00,9637.901000076781,9853.674903063575,9637.901000076781,9757.775390625,63598200,0.0,0.0,0.007425760293259698,0.009925650106733963,9709.8255859375,9954.369091796874,70724695.0,0.8992361154756482,0
2024-11-18 00:00:00+07:00,9661.875805664062,9709.825561523438,9589.951171875,9589.951171875,65716200,0.0,0.0,-0.017199024575954125,-0.004975068926489579,9700.2357421875,9922.002978515626,72186880.0,0.9103621045818853,0
2024-11-19 00:00:00+07:00,9494.051489688287,9613.92587718435,9494.051489688287,9518.0263671875,85295300,0.0,0.0,-0.007500017820574301,-0.02216753957797668,9657.080859375,9894.431884765625,71711670.0,1.18942007625816,1
2024-11-20 00:00:00+07:00,9613.925248138958,9733.799627791563,9589.950372208437,9661.875,58584400,0.0,0.0,0.015113283706420955,-0.007389280186271052,9642.695703125,9866.8607421875,72195740.0,0.8114661612998219,0
2024-11-21 00:00:00+07:00,9637.781567258882,9637.781567258882,9493.21484375,9493.21484375,93181200,50.0,0.0,-0.01745625525583805,-0.01988836607361877,9604.1685546875,9828.45908203125,72587740.0,1.2837043831368768,0
2024-11-22 00:00:00+07:00,9565.498205504442,9589.59265942259,9493.21484375,9493.21484375,58396100,0.0,0.0,0.0,-0.02711279326322502,9551.2564453125,9787.660009765625,73765170.0,0.7916486873140807,1
2024-11-25 00:00:00+07:00,9589.59230555129,9830.536835841523,9541.403399493243,9806.4423828125,165369400,0.0,0.0,0.032994885738703905,0.02257479804197704,9594.5546875,9769.71474609375,80080565.0,2.065037877792196,0
2024-11-26 00:00:00+07:00,9878.725781250001,9878.725781250001,9637.78125,9637.78125,62310100,0.0,0.0,-0.017199013284176168,0.012581902822348168,9618.5056640625,9748.131396484376,80712065.0,0.7720047802023154,0
2024-11-28 00:00:00+07:00,9613.686796875001,9710.064609375,9565.497890625,9637.78125,57443500,0.0,0.0,0.0,-0.0024936929943721875,9613.6869140625,9733.74052734375,77860035.0,0.7377790158969233,0
2024-11-29 00:00:00+07:00,9637.78125,9734.1590625,9589.59234375,9637.78125,76886000,0.0,0.0,0.0,0.015228392976398109,9642.6001953125,9724.14462890625,76826665.0,1.0007723229948873,0
2024-12-02 00:00:00+07:00,9637.78044871795,9685.969350961539,9396.8359375,9396.8359375,87879600,0.0,0.0,-0.02500008106118823,-0.010152399143631752,9623.3244140625,9694.110205078125,78835145.0,1.1147261795484742,1
2024-12-03 00:00:00+07:00,9661.87593347886,9854.631563074448,9541.403664981617,9830.537109375,126087100,0.0,0.0,0.046153958072655765,0.0024570303502451374,9628.143359375,9688.158349609375,82675715.0,1.5250802487768023,0
2024-12-04 00:00:00+07:00,9806.442655675552,9878.726016773897,9685.970387178308,9830.537109375,97876300,0.0,0.0,0.0,0.020000024318356457,9666.69453125,9676.21279296875,85054705.0,1.1507452762313384,1
2024-12-05 00:00:00+07:00,9878.7255859375,9975.103396532011,9854.63113328887,9878.7255859375,96904400,0.0,0.0,0.004901916957980257,0.024999979734702915,9714.8833984375,9669.07412109375,87383680.0,1.1089530676666397,0
2024-12-06 00:00:00+07:00,9734.158905862283,9806.442264074132,9685.970000387717,9710.064453125,68247200,0.0,0.0,-0.01707316711505702,0.007499983787762288,9729.3400390625,9666.68857421875,84217085.0,0.810372384653304,1
2024-12-09 00:00:00+07:00,9661.8756274532,9975.103515625,9637.78117451691,9975.103515625,64458400,0.0,0.0,0.02729529384480056,0.061538541480468334,9844.9935546875,9682.35,82831700.0,0.7781851634096608,0
2024-12-10 00:00:00+07:00,9951.009062688709,9975.103515625,9902.820156816124,9975.103515625,61230400,0.0,0.0,0.0,0.014705850213629912,9873.9068359375,9699.21015625,79457840.0,0.7706023722769207,1
2024-12-11 00:00:00+07:00,9854.632056073891,10047.3876953125,9854.632056073891,10047.3876953125,37934300,0.0,0.0,0.007246459104336411,0.02205887466013401,9917.276953125,9714.889501953125,77335630.0,0.4905151739243606,0
2024-12-12 00:00:00+07:00,9926.914647957616,9999.198007044686,9806.4423828125,9806.4423828125,44780100,0.0,0.0,-0.023980891332819776,-0.007317057498580248,9902.8203125,9718.52158203125,76427980.0,0.5859123844434984,0
2024-12-13 00:00:00+07:00,9758.253082730876,9854.630890955379,9661.875274506376,9685.9697265625,75126400,0.0,0.0,-0.012285052167455679,-0.002481417778307904,9898.0013671875,9718.5275390625,77365230.0,0.9710615479330961,1
2024-12-16 00:00:00+07:00,9637.781366027228,9758.25363310257,9637.781366027228,9734.1591796875,57746100,0.0,0.0,0.0049751810593468004,-0.024154569981162055,9849.8125,9717.346728515626,77072625.0,0.7492426785775105,0
2024-12-17 00:00:00+07:00,9589.592225970644,9685.970037286932,9541.4033203125,9541.4033203125,99845900,0.0,0.0,-0.01980200403720833,-0.043478265126086324,9763.0724609375,9714.9193359375,78779110.0,1.2674159431351788,0
2024-12-18 00:00:00+07:00,9541.403200733419,9661.875463368942,9445.025390625,9445.025390625,84868500,0.0,0.0,-0.010101022507069013,-0.05995213113638742,9642.6,9711.269287109375,78757770.0,1.0775889159888605,0
2024-12-19 00:00:00+07:00,9348.64816497093,9420.931527071221,9204.08144077035,9324.5537109375,104254100,0.0,0.0,-0.012755040320704514,-0.049140009502283255,9546.222265625,9694.40322265625,81041255.0,1.2864324472763902,0
2024-12-20 00:00:00+07:00,9300.458984375,9396.836797684586,9276.364531047604,9300.458984375,91576900,0.0,0.0,-0.002584008555201689,-0.03980094436288473,9469.1201171875,9684.7654296875,80961040.0,1.1311230685771823,1
2024-12-23 00:00:00+07:00,9348.64730858376,9493.214019541241,9348.64730858376,9420.9306640625,43292100,0.0,0.0,0.01295330476591472,-0.03217828164127634,9406.4744140625,9681.151220703125,80205840.0,0.5397624412386929,0
2024-12-24 00:00:00+07:00,9493.21374198718,9541.40264423077,9396.8359375,9396.8359375,32415700,0.0,0.0,-0.0025575739193594016,-0.015151584935596762,9377.5609375,9660.6708984375,73558155.0,0.44068125417229403,1
2024-12-27 00:00:00+07:00,9445.025390625,9469.119843152104,9372.742033043687,9445.025390625,24016700,0.0,0.0,0.005128263752343543,0.0,9377.5609375,9651.03310546875,71643485.0,0.33522517783717526,0
2024-12-30 00:00:00+07:00,9445.02598110465,9469.120435138082,9324.5537109375,9324.5537109375,56350100,0.0,0.0,-0.012755040320704514,0.0,9377.5609375,9635.371728515625,71588815.0,0.7871355322755378,1
2025-01-02 00:00:00+07:00,9300.45879202178,9541.4033203125,9300.45879202178,9541.4033203125,38124800,0.0,0.0,0.023255762806174918,0.025906714533368014,9425.7498046875,9630.55283203125,69650755.0,0.5473709509681554,0
2025-01-03 00:00:00+07:00,9493.21484375,9565.498205504442,9469.120389831853,9493.21484375,41916000,0.0,0.0,-0.0050504600785413745,0.007672721758078316,9440.206640625,9635.37177734375,67352575.0,0.6223370079020736,0
2025-01-06 00:00:00+07:00,9493.214889171511,9517.30934320494,9300.459256904069,9324.5537109375,41593900,0.0,0.0,-0.01776649276230602,-0.007692187779297366,9425.7501953125,9610.072607421875,63127915.0,0.6588828412913685,0
2025-01-07 00:00:00+07:00,9324.55304195374,9372.74194656332,9179.986328125,9179.986328125,71318600,0.0,0.0,-0.015503946600996632,-0.028061233457675416,9372.7423828125,9577.545068359375,61800030.0,1.154022093516783,1
2025-01-08 00:00:00+07:00,9324.5537109375,9420.931527071221,9228.175894803779,9324.5537109375,55943100,0.0,0.0,0.01574810437021945,0.0,9372.7423828125,9549.836474609376,59751965.0,0.9362554018097983,1
2025-01-09 00:00:00+07:00,9396.83702807741,9517.309297668147,9372.742574159263,9493.21484375,42733800,0.0,0.0,0.01808785042598493,-0.0050504600785413745,9363.1046875,9538.993994140625,58476295.0,0.7307884331591118,0
2025-01-10 00:00:00+07:00,9445.026530366324,9565.498807539365,9372.7431640625,9372.7431640625,72531300,0.0,0.0,-0.012690293190490087,-0.012690293190490087,9339.0103515625,9508.8759765625,58879940.0,1.2318507797392457,0
2025-01-13 00:00:00+07:00,9276.36480287064,9372.74261900436,9276.36480287064,9324.5537109375,88270100,0.0,0.0,-0.005141446029351404,0.0,9339.0103515625,9476.348486328125,60231925.0,1.4655035514803818,0
2025-01-14 00:00:00+07:00,9252.26968503937,9372.74194656332,9179.986328125,9179.986328125,70942600,0.0,0.0,-0.015503946600996632,0.0,9339.0103515625,9432.97841796875,61882340.0,1.1464110762456623,1
2025-01-15 00:00:00+07:00,9228.17531788106,9445.025390625,9204.080865353955,9445.025390625,77098000,0.0,0.0,0.02887140056930071,0.012919833315581553,9363.1046875,9414.907568359375,63498235.0,1.2141754806255638,0
2025-01-16 00:00:00+07:00,9493.21374198718,9565.497095352564,9396.8359375,9396.8359375,76979000,0.0,0.0,-0.005102098843782099,-0.010152399143631752,9343.82890625,9400.45087890625,63590865.0,1.2105355069474208,1
2025-01-17 00:00:00+07:00,9396.836603338068,9541.4033203125,9300.45879202178,9541.4033203125,71033100,0.0,0.0,0.015384687332421487,0.01799474852748406,9377.5609375,9390.8130859375,64255215.0,1.1054838117030656,0
2025-01-20 00:00:00+07:00,9493.214331371753,9517.308783989449,9276.3642578125,9276.3642578125,112111200,0.0,0.0,-0.027777786306943275,-0.005168017110403378,9367.923046875,9377.5611328125,64868480.0,1.7282846769340054,0
2025-01-21 00:00:00+07:00,9252.270234986945,9324.55359619778,9204.081327513055,9228.17578125,124547900,0.0,0.0,-0.00519475898350108,0.005249403583245105,9377.5609375,9366.71865234375,66852450.0,1.8630267103150295,1
2025-01-22 00:00:00+07:00,9300.458435058594,9324.55288696289,9228.175079345703,9252.26953125,90154800,0.0,0.0,0.002610889797846516,-0.020408188586377607,9339.009765625,9363.104443359374,66147485.0,1.3629361721008744,0
2025-01-23 00:00:00+07:00,9252.26953125,9396.836242675781,9252.26953125,9252.26953125,120515400,0.0,0.0,0.0,-0.01538458340781268,9310.096484375,9360.694970703125,67594410.0,1.7829196230871753,0
2025-01-24 00:00:00+07:00,9276.36417164522,9300.458624039104,9011.3251953125,9011.3251953125,152057000,0.0,0.0,-0.026041646876336477,-0.05555557261388666,9204.080859375,9340.214697265625,73032655.0,2.082041245796144,0
2025-01-30 00:00:00+07:00,8818.5703125,8939.042584528688,8818.5703125,8818.5703125,154645800,0.0,0.0,-0.021390292618977624,-0.049350578803214695,9112.5220703125,9311.301416015625,79144160.0,1.9539761367105293,1
2025-01-31 00:00:00+07:00,8914.948459201389,9155.893012152777,8890.85400390625,9107.7041015625,112982800,0.0,0.0,0.0327869233692748,-0.013054766461241152,9088.427734375,9294.4353515625,83592465.0,1.3515907205272628,0
2025-02-03 00:00:00+07:00,9059.514100100267,9059.514100100267,8890.852933343082,9011.3251953125,90439900,0.0,0.0,-0.010582129719548639,-0.026041646876336477,9040.2388671875,9278.77392578125,85296955.0,1.0602945908209735,0
2025-02-04 00:00:00+07:00,9011.326225093666,9059.515135388283,8842.6650390625,8842.6650390625,94607700,0.0,0.0,-0.018716465402639493,-0.044270704696187324,8958.31796875,9243.83701171875,88121100.0,1.0736100661476082,0
2025-02-05 00:00:00+07:00,8770.381132277398,8842.664493257706,8770.381132277398,8794.4755859375,98229900,0.0,0.0,-0.005449652668298888,-0.024064119835315756,8914.948046875,9208.900048828125,90936795.0,1.0801997145379931,0
2025-02-06 00:00:00+07:00,8746.286722023393,8770.381175803073,8529.436638006286,8625.814453125,171477800,0.0,0.0,-0.019178077324154663,-0.021857948912849978,8876.396875,9173.9630859375,97430990.0,1.7599923802478041,1
2025-02-07 00:00:00+07:00,8625.813957010361,9011.3251953125,8505.341695040943,9011.3251953125,131162200,0.0,0.0,0.04469267734455329,-0.010582129719548639,8857.12109375,9165.530029296875,100423170.0,1.306094997797819,0
2025-02-10 00:00:00+07:00,8698.098040471312,8914.948130122952,8698.098040471312,8818.5703125,76209100,0.0,0.0,-0.021390292618977624,-0.021390292618977624,8818.5701171875,9140.230859375,101436470.0,0.7512988178709294,0
2025-02-11 00:00:00+07:00,8698.097228499484,8770.380584969009,8674.002776342975,8746.2861328125,71188300,0.0,0.0,-0.008196813896810484,-0.010899305336597775,8799.2943359375,9102.884423828125,102859195.0,0.6920946639724334,1
2025-02-12 00:00:00+07:00,8625.814677254099,8818.5703125,8625.814677254099,8818.5703125,121172600,0.0,0.0,0.008264556931921074,0.0027397570585139253,8804.11328125,9075.17578125,105291260.0,1.1508324622575512,0
2025-02-13 00:00:00+07:00,8770.381727430555,8818.570638020834,8674.00390625,8674.00390625,90439700,0.0,0.0,-0.016393406314976322,0.005586655426786047,8813.751171875,9042.648291015625,105399740.0,0.858063786495109,0
2025-02-14 00:00:00+07:00,8674.00363422702,8746.286997845578,8625.81472514798,8649.9091796875,116274500,0.0,0.0,-0.0027778090513815856,-0.04010686639219285,8741.46796875,9016.14443359375,107666335.0,1.0799522431965387,1
2025-02-17 00:00:00+07:00,8649.90814552614,8987.23046875,8649.90814552614,8987.23046875,89096400,0.0,0.0,0.038997090264788925,0.019125566874590882,8775.2,8993.2546875,108266255.0,0.8229378581534939,0
2025-02-18 00:00:00+07:00,8987.231172295027,9228.175707745295,8914.947811659946,8963.13671875,107318300,0.0,0.0,-0.0026808870745862468,0.02479344748669554,8818.5701171875,8971.5697265625,109783220.0,0.9775473883895918,0
2025-02-19 00:00:00+07:00,8890.853444701466,8914.947898481145,8625.814453125,8625.814453125,154438200,0.0,0.0,-0.03763439922983158,-0.021857948912849978,8780.0189453125,8925.790283203125,113953475.0,1.3552741590372737,1
2025-02-20 00:00:00+07:00,8649.909450954861,8698.098361545139,8625.814995659723,8674.00390625,119260800,0.0,0.0,0.005586655426786047,0.0,8780.0189453125,8895.672265625,114310955.0,1.0433015803253503,0
2025-02-21 00:00:00+07:00,8625.814995659723,8674.00390625,8601.720540364584,8674.00390625,106054700,0.0,0.0,0.0,0.0027855467684079205,8784.837890625,8867.963671875,113386295.0,0.9353396722240549,0
2025-02-24 00:00:00+07:00,8601.7197265625,8649.908632593662,8553.530820531338,8601.7197265625,108530300,0.0,0.0,-0.008333427154144646,-0.042895388465665873,8707.7357421875,8835.436181640625,114305070.0,0.9494793188088683,0
2025-02-25 00:00:00+07:00,8577.625154922096,8674.002965651558,8505.341796875,8505.341796875,101592700,0.0,0.0,-0.01120449546732849,-0.051075302791860566,8616.1767578125,8798.089794921874,113358935.0,0.8962037266846234,0
2025-02-26 00:00:00+07:00,8481.246794871795,8577.624599358975,8408.96344150641,8457.15234375,117843500,0.0,0.0,-0.005665786781514859,-0.019553180779804058,8582.4443359375,8770.38115234375,111648260.0,1.05548890775369,0
2025-02-27 00:00:00+07:00,8481.24697580645,8481.24697580645,8192.113556176686,8216.2080078125,199991600,0.0,0.0,-0.028490007764322978,-0.052777921636355085,8490.88515625,8740.263037109375,113915550.0,1.7556128201988228,0
2025-02-28 00:00:00+07:00,8216.208871360348,8360.775596369622,8119.8310546875,8119.8310546875,293095000,0.0,0.0,-0.011730101408503613,-0.06388893267193418,8380.0505859375,8690.869384765625,122921160.0,2.3844145304193356,1
2025-03-03 00:00:00+07:00,8288.491455078125,8577.624877929688,8240.302551269531,8481.2470703125,192944300,0.0,0.0,0.044510287614464294,-0.014005647716929803,8355.9560546875,8664.365478515625,128046380.0,1.506831352826999,1
2025-03-04 00:00:00+07:00,8577.625430349577,8601.719883805616,8360.775349245234,8529.4365234375,125418500,0.0,0.0,0.0056818829501714685,0.0028328933907573184,8360.775,8648.704052734374,129586920.0,0.967833018949752,1
2025-03-05 00:00:00+07:00,8505.342719184027,8842.665093315973,8505.342719184027,8674.00390625,155207900,0.0,0.0,0.01694923016488281,0.025641203289929804,8404.1453125,8642.68046875,132435820.0,1.1719480424555835,0
2025-03-06 00:00:00+07:00,8866.759270543176,8866.759270543176,8649.9091796875,8649.9091796875,96270100,0.0,0.0,-0.0027778090513815856,0.05278605062853914,8490.885546875,8643.885205078124,128675435.0,0.748162226923888,0
2025-03-07 00:00:00+07:00,8674.003085609243,8674.003085609243,8601.7197265625,8601.7197265625,82295300,0.0,0.0,-0.00557109353681573,0.059347130331832476,8587.26328125,8623.404931640625,126232090.0,0.6519364450038021,0
2025-03-10 00:00:00+07:00,8433.058555453432,8649.908632593662,8408.96410243785,8601.7197265625,97652100,0.0,0.0,0.0,0.014204592231689572,8611.3578125,8612.56240234375,127304240.0,0.7670765718408122,0
2025-03-11 00:00:00+07:00,8625.814179578081,8722.191991640406,8553.530820531338,8601.7197265625,109295600,0.0,0.0,0.0,0.00847455783584028,8625.814453125,8605.33408203125,129209605.0,0.8458782920975573,1
2025-03-12 00:00:00+07:00,8698.097771297089,8794.4755859375,8649.908863976883,8794.4755859375,87968900,0.0,0.0,0.02240899093465698,0.013888820086960685,8649.9087890625,8604.129345703124,127549420.0,0.6896848296134941,0
2025-03-13 00:00:00+07:00,8818.570361464137,8842.664816003657,8649.9091796875,8649.9091796875,83030700,0.0,0.0,-0.01643832026564085,0.0,8649.9087890625,8602.924609375,127178970.0,0.6528650137676064,0
2025-03-14 00:00:00+07:00,8481.248482142857,8601.72076171875,8433.0595703125,8433.0595703125,111397800,0.0,0.0,-0.025069582219918063,-0.01960772515397935,8616.1767578125,8592.08212890625,126935135.0,0.8775962620593581,0
2025-03-17 00:00:00+07:00,8433.058911700582,8457.153365734011,8240.30327943314,8288.4921875,151365700,0.0,0.0,-0.017142933902830615,-0.036414525120510355,8553.53125,8557.14521484375,130048600.0,1.1639164127872195,0
2025-03-18 00:00:00+07:00,8192.114022496235,8240.302928510919,7782.508321371423,7999.3583984375,417305700,0.0,0.0,-0.034883762030752385,-0.07002801152249605,8433.058984375,8508.956298828125,145547970.0,2.867135144516272,1
2025-03-19 00:00:00+07:00,7999.358671171171,8095.736486486487,7927.075309684685,8023.453125,214108200,0.0,0.0,0.003012082389908466,-0.087671226487953,8278.8544921875,8478.838232421875,148531470.0,1.4415005789682147,1
2025-03-20 00:00:00+07:00,8143.924959188433,8168.019411730411,8047.547149020523,8071.6416015625,152917300,0.0,0.0,0.006005952276626481,-0.06685244505028332,8163.2009765625,8448.7201171875,150214295.0,1.0179943260393427,0
2025-03-21 00:00:00+07:00,8220.656441604035,8220.656441604035,7848.119140625,7848.119140625,377916400,250.0,0.0,-0.02769231737125577,-0.0693627769151196,8046.212890625,8407.42587890625,163807380.0,2.3070779839101268,1
2025-03-24 00:00:00+07:00,7773.611911605739,8046.805940448114,7574.925345174922,7897.791015625,331836800,0.0,0.0,0.006329143850897889,-0.04713778610592434,7968.07265625,8372.229443359374,174972705.0,1.896506086477888,1
2025-03-25 00:00:00+07:00,8021.970098080842,8096.477560292119,7947.462635869565,7997.13427734375,136341700,0.0,0.0,0.012578613630344071,-0.00027803743537535563,7967.62783203125,8346.819067382812,176710155.0,0.7715555452939307,1
2025-03-26 00:00:00+07:00,8245.49226768695,8593.193748854472,8220.656447603555,8469.0146484375,283104600,0.0,0.0,0.059006183306263615,0.05553238942085792,8056.74013671875,8347.412182617187,184973210.0,1.530516770509632,0
2025-03-27 00:00:00+07:00,8369.671251723346,8518.686170151654,8319.999612247242,8444.1787109375,122943900,0.0,0.0,-0.002932565183906277,0.04615382195647588,8131.24755859375,8358.810717773438,181120825.0,0.67879494254733,0
2025-04-08 00:00:00+07:00,7351.402645196946,7947.462319131832,7227.22354646051,7723.93994140625,533073600,0.0,0.0,-0.08529411730691416,-0.01582279741090431,8106.41171875,8339.016162109376,193119755.0,2.760326617025793,1
2025-04-09 00:00:00+07:00,7649.43269420347,7897.7908985607255,7624.596873767745,7872.955078125,136753900,0.0,0.0,0.019292632755973926,-0.003144668863846123,8101.44453125,8308.6015625,190310235.0,0.7185840530331961,1
2025-04-10 00:00:00+07:00,8444.17888606573,8593.193807584537,8121.313222774981,8170.98486328125,144148600,0.0,0.0,0.03785488195967557,0.02173911052488231,8136.2146484375,8290.678979492188,191246740.0,0.7537310178463695,1
2025-04-11 00:00:00+07:00,8146.148791540785,8270.32788897281,7997.133874622356,8220.65625,82603000,0.0,0.0,0.006078996296023487,-0.02932553652901304,8086.54296875,8268.011596679688,187616495.0,0.4402757870516662,1
2025-04-14 00:00:00+07:00,8195.821010044643,8344.8359375,8195.821010044643,8344.8359375,83319300,0.0,0.0,0.015105811959963633,-0.011764646016885427,8066.6744140625,8252.757934570312,186968955.0,0.44563173602804806,1
2025-04-15 00:00:00+07:00,8518.6865234375,8543.52234420554,8394.507419597303,8518.6865234375,83431800,0.0,0.0,0.02083331382900533,0.1028939360041885,8225.62373046875,8248.606274414062,187025780.0,0.4460978588085557,0
2025-04-16 00:00:00+07:00,8444.178592828172,8493.850231609513,8369.671134656157,8419.3427734375,76874900,0.0,0.0,-0.011661862392362332,0.06940058591603515,8334.90126953125,8239.487426757812,185986920.0,0.41333498076101266,1
2025-04-17 00:00:00+07:00,8394.507071461398,8444.1787109375,8295.16379250919,8444.1787109375,83540600,0.0,0.0,0.002949866535705725,0.033434629022986995,8389.5400390625,8231.610375976563,184699170.0,0.4523063097684738,0
2025-04-21 00:00:00+07:00,8444.17874623494,8444.17874623494,8245.4921875,8245.4921875,40683800,0.0,0.0,-0.023529407682969516,0.003021162391992682,8394.5072265625,8204.161206054687,182334915.0,0.22312676647804947,1
2025-04-22 00:00:00+07:00,8270.32797277114,8444.1787109375,8270.32797277114,8444.1787109375,56537100,0.0,0.0,0.024096381261352162,0.011904700605445573,8414.37578125,8193.874682617188,181010235.0,0.3123420065169243,1
2025-04-23 00:00:00+07:00,8493.850432037965,8667.701171875,8493.850432037965,8667.701171875,92329600,0.0,0.0,0.026470598099490372,0.01749267895085893,8444.1787109375,8205.606762695312,180056825.0,0.5127803403175636,0
2025-04-24 00:00:00+07:00,8791.880064297566,8791.880064297566,8419.3427734375,8419.3427734375,143675300,0.0,0.0,-0.02865331804970095,0.0,8444.1787109375,8212.149291992188,179672305.0,0.7996518996068982,1
2025-04-25 00:00:00+07:00,8593.194103152253,8593.194103152253,8518.686639830124,8543.5224609375,58297000,0.0,0.0,0.01474933267852907,0.01176476166608409,8464.0474609375,8239.357495117187,161721870.0,0.36047691014208527,1
2025-04-28 00:00:00+07:00,8692.537226228633,8717.373046875,8593.193943643162,8717.373046875,73235400,0.0,0.0,0.020348818269323443,0.05722894990918337,8558.4236328125,8274.053491210938,154678230.0,0.47346934342344105,0
2025-04-29 00:00:00+07:00,8742.208631805157,8767.044451781876,8642.865351898281,8667.701171875,60315700,0.0,0.0,-0.005698032507373996,0.026470598099490372,8603.128125,8303.856469726563,150048150.0,0.4019756324886378,1
2025-04-30 00:00:00+07:00,8742.209100566572,8866.38820710871,8618.029994024433,8767.044921875,164597500,0.0,0.0,0.011461372286616367,0.011461372286616367,8622.996875,8349.802758789063,139382205.0,1.1809075627695802,1
2025-05-02 00:00:00+07:00,8940.89539084262,8940.89539084262,8791.88046766191,8916.0595703125,92219000,0.0,0.0,0.016997135267972308,0.058997098733420295,8722.340234375,8400.716186523438,127401315.0,0.7238465317253594,0
2025-05-05 00:00:00+07:00,8940.89539084262,8990.567031902856,8916.0595703125,8916.0595703125,86385600,0.0,0.0,0.0,0.04360462690632638,8796.84765625,8446.662451171875,124903510.0,0.6916186742870557,1
2025-05-06 00:00:00+07:00,8990.56726649065,8990.56726649065,8916.059802956197,8965.7314453125,48860500,0.0,0.0,0.005571056878689973,0.02849005051200959,8846.5193359375,8471.498291015625,113191305.0,0.431663015105268,1
2025-05-07 00:00:00+07:00,9015.4033203125,9040.239142131542,8940.895854855373,9015.4033203125,77382000,0.0,0.0,0.005540192153086432,0.040114690336317205,8916.059765625,8500.059521484374,110913210.0,0.6976806459753532,0
2025-05-08 00:00:00+07:00,9015.402852432973,9139.581955083566,8866.387929252263,8916.0595703125,99614500,0.0,0.0,-0.011019335072471992,0.016997135267972308,8945.8626953125,8559.665502929687,89240255.0,1.116250732362878,1
2025-05-09 00:00:00+07:00,8990.567149522569,8990.567149522569,8916.059686957466,8940.8955078125,47167500,0.0,0.0,0.0027855284393449864,0.0027855284393449864,8950.8298828125,8613.062524414063,84760935.0,0.5564768722761257,1
2025-05-14 00:00:00+07:00,9189.254022068733,9238.925665431267,9089.910735343665,9214.08984375,149002900,0.0,0.0,0.0305555898398302,0.03342623174365511,9010.4359375,8665.2177734375,85003650.0,1.7529000225284443,0
2025-05-15 00:00:00+07:00,9214.08984375,9338.268952156333,9189.254022068733,9214.08984375,101401300,0.0,0.0,0.0,0.02770085184375537,9060.1076171875,8714.889453125,85943565.0,1.1798591319780602,1
2025-05-16 00:00:00+07:00,9238.9248046875,9263.76062405494,9164.417346585182,9238.9248046875,63007500,0.0,0.0,0.002695324373719332,0.024793287269953446,9104.8119140625,8759.593896484375,84927975.0,0.7418933513956973,1
2025-05-19 00:00:00+07:00,9214.088954564144,9437.611328125,9189.253135279605,9437.611328125,111597200,0.0,0.0,0.02150537293438015,0.05849576864078987,9209.122265625,8805.54013671875,86336245.0,1.2925880665762102,0
2025-05-20 00:00:00+07:00,9437.612188736808,9611.46293958196,9412.7763671875,9412.7763671875,160614800,0.0,0.0,-0.0026314879977615835,0.052777807207641914,9303.4984375,8855.21181640625,90523240.0,1.774293540531691,1
2025-05-21 00:00:00+07:00,9636.298828125,9661.134649846972,9487.28389779317,9636.298828125,169739200,0.0,0.0,0.02374670896428488,0.04582210413993182,9387.940234375,8914.817822265624,94833170.0,1.7898716240319712,0
2025-05-22 00:00:00+07:00,9735.641879857512,9735.641879857512,9586.626953125,9586.626953125,103113000,0.0,0.0,-0.005154663204821497,0.04043124342093263,9462.44765625,8981.874560546876,97954630.0,1.052660808376286,1
2025-05-23 00:00:00+07:00,9611.462890625,9636.298712047803,9561.791247779393,9611.462890625,48521800,0.0,0.0,0.002590685714739749,0.04032266674023455,9536.9552734375,9040.23876953125,97553865.0,0.4973847012622206,0
2025-05-26 00:00:00+07:00,9536.955194805196,9586.626836444806,9437.611911525975,9561.791015625,56625300,0.0,0.0,-0.005167982810239002,0.013157957366810802,9561.7912109375,9084.94326171875,95768650.0,0.591271778395122,0
2025-05-27 00:00:00+07:00,9487.283714657739,9536.955357142857,9387.9404296875,9387.9404296875,93212000,0.0,0.0,-0.018181801469349113,-0.0026385347458776076,9556.8240234375,9133.37314453125,93245485.0,0.9996408941408799,0
2025-05-28 00:00:00+07:00,9387.940195935838,9487.283478432513,9338.2685546875,9338.2685546875,236950800,0.0,0.0,-0.00529103005840581,-0.03092787788685558,9497.21796875,9173.11044921875,102178175.0,2.3189962044242813,0
2025-06-02 00:00:00+07:00,8965.730822888048,9114.74573961195,8965.730822888048,9040.23828125,264428700,0.0,0.0,-0.031914939230131556,-0.05699488198994651,9387.940234375,9189.2537109375,111737840.0,2.3665098591488793,0
2025-06-03 00:00:00+07:00,8990.5673828125,9065.074847310947,8891.224096814572,8990.5673828125,128318100,0.0,0.0,-0.005494423586214547,-0.06459948031616702,9263.7611328125,9205.397021484376,115137960.0,1.1144725857571214,0
2025-06-04 00:00:00+07:00,9040.238672963093,9065.07449349321,8891.223749782383,8916.0595703125,93357200,0.0,0.0,-0.008287331525086872,-0.06753247840883625,9134.61484375,9212.84775390625,111575945.0,0.8367144011193453,0
2025-06-05 00:00:00+07:00,8940.895154936974,8990.566794686625,8841.551875437675,8866.3876953125,95529000,0.0,0.0,-0.005571056878690084,-0.055555607567096654,9030.304296875,9210.36416015625,111741445.0,0.8549110851394485,1
2025-06-10 00:00:00+07:00,8916.059183980082,9040.23828125,8891.223364526099,9040.23828125,80406400,0.0,0.0,0.01960782586006382,-0.031914939230131556,8970.6982421875,9216.573095703125,111442485.0,0.7215058063358871,0
2025-06-11 00:00:00+07:00,9040.239025811465,9065.074847310947,8990.5673828125,8990.5673828125,56632600,0.0,0.0,-0.005494423586214547,-0.005494423586214547,8960.7640625,9217.814892578124,111831090.0,0.5064119468029865,1
2025-06-12 00:00:00+07:00,8940.895119863015,9065.07421875,8940.895119863015,9065.07421875,41337300,0.0,0.0,0.008287222904300506,0.008287222904300506,8975.6654296875,9220.2984375,110028855.0,0.37569508471209667,0
2025-06-13 00:00:00+07:00,9040.238908846952,9065.074730025104,8916.059802956197,8965.7314453125,83318000,0.0,0.0,-0.010958848327134674,0.005571056878689973,8985.5998046875,9222.78203125,109214030.0,0.7628873323326683,0
2025-06-16 00:00:00+07:00,8866.3876953125,8940.895154936974,8841.551875437675,8866.3876953125,57825000,0.0,0.0,-0.011080384306172752,0.0,8985.5998046875,9219.056640625,109746905.0,0.5268941297251162,1
2025-06-17 00:00:00+07:00,8916.060033036329,9040.239142131542,8916.060033036329,9015.4033203125,54927900,0.0,0.0,0.01680680228756315,-0.0027471577811183368,8980.6328125,9209.122314453125,105043155.0,0.5229079419787039,0
2025-06-18 00:00:00+07:00,8891.223396901334,8965.730855534586,8841.5517578125,8841.5517578125,86270200,0.0,0.0,-0.019283836376825958,-0.016574663050173744,8950.8296875,9190.49541015625,104286600.0,0.8272414672642506,0
2025-06-19 00:00:00+07:00,8841.552150106838,8866.387970753205,8692.537226228633,8717.373046875,78879500,0.0,0.0,-0.014044900073991395,-0.03835613073700184,8881.289453125,9164.417822265625,105080200.0,0.7506599720975027,0
2025-06-20 00:00:00+07:00,8642.865234375,8816.715971848062,8568.357775457975,8642.865234375,445915100,0.0,0.0,-0.008547048761061049,-0.036011140073384906,8816.7162109375,9124.680517578125,121796095.0,3.6611608935409627,0
2025-06-23 00:00:00+07:00,8518.686755548008,8642.86586277174,8444.179291213768,8568.3583984375,87324500,0.0,0.0,-0.008620617574964129,-0.03361338429093985,8757.1103515625,9082.459619140625,118131580.0,0.73921384950578,1
2025-06-24 00:00:00+07:00,8667.701405582266,8791.880508814102,8642.865584935897,8717.373046875,110158900,0.0,0.0,0.01739127164249732,-0.033057896895861694,8697.504296875,9036.513330078125,115152565.0,0.9566343572112354,0
2025-06-25 00:00:00+07:00,8667.701566474383,8717.373208689136,8419.343355400619,8543.5224609375,117561000,0.0,0.0,-0.01994300175094854,-0.033707804358172555,8637.8984375,8984.35810546875,115874965.0,1.0145504682568836,1
2025-06-26 00:00:00+07:00,8469.015227036669,8593.1943359375,8469.015227036669,8593.1943359375,117281700,0.0,0.0,0.005813980735359214,-0.014244969243574546,8613.0626953125,8933.444677734375,119312960.0,0.9829753616036346,1
2025-06-30 00:00:00+07:00,8518.686019677594,8767.04421267111,8493.850200378243,8618.029296875,185441800,0.0,0.0,0.0028900732331442747,-0.0028735768551869656,8608.0955078125,8886.256591796875,125753785.0,1.4746418964645875,1
2025-07-01 00:00:00+07:00,8692.536873653018,8717.372693292025,8543.521955818966,8642.865234375,82364500,0.0,0.0,0.0028818580959113493,0.008695578834690965,8622.996875,8849.00283203125,125211410.0,0.6578034701470098,0
2025-07-02 00:00:00+07:00,8518.686019677594,8618.029296875,8518.686019677594,8618.029296875,68545100,0.0,0.0,-0.0028735768551869656,-0.011396065014748102,8603.128125,8812.990869140625,116791125.0,0.5869033284849341,0
2025-07-03 00:00:00+07:00,8642.865745367006,8692.537387581759,8543.5224609375,8543.5224609375,50370800,0.0,0.0,-0.008645460971514307,0.0,8603.128125,8788.155078125,106088230.0,0.4748010217533085,1
2025-07-04 00:00:00+07:00,8593.1943359375,8642.865979497832,8493.851048816836,8593.1943359375,43593300,0.0,0.0,0.005813980735359214,0.0,8603.128125,8768.28642578125,101851990.0,0.42800636492227595,0
2025-07-07 00:00:00+07:00,8568.3583984375,8593.194219882245,8493.85093410326,8568.3583984375,49936900,0.0,0.0,-0.002890186876856049,-0.005763602875603069,8593.1939453125,8750.9013671875,99680975.0,0.5009672106437563,0
2025-07-08 00:00:00+07:00,8493.850350413602,8543.521989889707,8369.671251723346,8444.1787109375,215611000,0.0,0.0,-0.014492821346343887,-0.022988501850898957,8553.456640625,8729.79091796875,105685075.0,2.040127236509034,0
2025-07-09 00:00:00+07:00,8444.1787109375,8493.850350413602,8394.507071461398,8444.1787109375,94459300,0.0,0.0,0.0,-0.020172893355159593,8518.6865234375,8699.987939453125,106387720.0,0.8878778490600231,1
2025-07-10 00:00:00+07:00,8469.014997615372,8593.194103152253,8444.179176507994,8543.5224609375,111769400,0.0,0.0,0.01176476166608409,0.0,8518.6865234375,8677.635693359374,109144560.0,1.024049205933855,1
2025-07-11 00:00:00+07:00,8518.686755548008,8618.030041326992,8518.686755548008,8568.3583984375,135986500,0.0,0.0,0.002906990367679718,-0.002890186876856049,8513.7193359375,8652.79990234375,113877020.0,1.194152253018212,0
2025-07-14 00:00:00+07:00,8593.193748854472,8618.029568937867,8394.507188187317,8469.0146484375,125196000,0.0,0.0,-0.011594257077075065,-0.011594257077075065,8493.8505859375,8627.9640625,115970920.0,1.0795464932070902,1
2025-07-15 00:00:00+07:00,8543.522226790936,8543.522226790936,8419.343124657347,8493.8505859375,77219300,0.0,0.0,0.002932565183906277,0.005882380833041934,8503.7849609375,8609.33720703125,116940635.0,0.6603290635457897,0
2025-07-16 00:00:00+07:00,8493.850468520894,8543.522108687683,8444.178828354105,8469.0146484375,97475300,0.0,0.0,-0.0029239903914861642,0.002941190416521078,8508.7521484375,8582.0177734375,119068005.0,0.8186523323373059,0
2025-07-17 00:00:00+07:00,8444.178828354105,8493.850468520894,8444.178828354105,8469.0146484375,86016400,0.0,0.0,0.0,-0.008720971103038933,8493.8505859375,8563.39091796875,119055315.0,0.7224910538433332,0
2025-07-18 00:00:00+07:00,8493.850982937685,8518.686804525221,8369.671875,8369.671875,80432200,0.0,0.0,-0.011730145425575378,-0.02318840018103485,8454.11328125,8546.005859375,119132950.0,0.675146548456997,1
2025-07-21 00:00:00+07:00,8394.5078125,8444.179456360947,8320.00034670858,8394.5078125,95383500,0.0,0.0,0.002967372899549847,-0.0087975802416691,8439.2119140625,8533.58798828125,101606370.0,0.9387551193886762,0
2025-07-22 00:00:00+07:00,8394.50757998512,8419.34340122768,8344.8359375,8344.8359375,77981700,0.0,0.0,-0.0059171872978704965,-0.01754382737603255,8409.408984375,8522.411865234375,101139230.0,0.7710331589433694,1
2025-07-23 00:00:00+07:00,8394.507696587536,8444.179339762612,8344.836053412462,8369.671875,70969500,0.0,0.0,0.002976204407853178,-0.011730145425575378,8389.5404296875,8505.026806640624,99179760.0,0.7155643449832909,1
2025-07-24 00:00:00+07:00,8419.342891199449,8493.850350413602,8394.507071461398,8444.1787109375,138256800,0.0,0.0,0.008902002019941735,-0.002932565183906277,8384.5732421875,8500.059619140626,100214550.0,1.3796080509267368,0
2025-07-25 00:00:00+07:00,8444.179456360947,8469.015278291421,8394.5078125,8394.5078125,58682800,0.0,0.0,-0.005882265183843494,0.002967372899549847,8389.5404296875,8490.12529296875,97284605.0,0.6032074653538451,1
2025-07-28 00:00:00+07:00,8568.357809627758,8568.357809627758,8419.342891199449,8444.1787109375,99484300,0.0,0.0,0.0059170709643674435,0.0059170709643674435,8399.474609375,8481.432763671875,92986730.0,1.0698763146096222,0
2025-07-29 00:00:00+07:00,8444.179222470239,8444.179222470239,8320.00011625744,8344.8359375,104240300,0.0,0.0,-0.011764646016885427,0.0,8399.474609375,8466.531298828126,94080520.0,1.1079902619585862,0
2025-07-30 00:00:00+07:00,8419.34328358209,8419.34328358209,8270.328358208955,8320.0,98098100,0.0,0.0,-0.002976204407853289,-0.005934745799099805,8389.540234375,8451.629833984374,95558170.0,1.0265799355512983,0
2025-07-31 00:00:00+07:00,8295.163708459215,8319.99952794562,8195.820430513595,8220.65625,206006300,0.0,0.0,-0.011940354567307687,-0.026470598099490483,8344.8357421875,8435.4865234375,103339945.0,1.993481804156176,1
2025-08-01 00:00:00+07:00,8344.835466867471,8369.671286709337,8245.4921875,8245.4921875,86196100,0.0,0.0,0.003021162391992682,-0.0177515618936116,8315.0326171875,8418.101416015625,105470085.0,0.8172563812762642,0
2025-08-04 00:00:00+07:00,8270.32788897281,8295.163708459215,8220.65625,8220.65625,49054500,0.0,0.0,-0.0030120624621596814,-0.026470598099490483,8270.328125,8400.71630859375,105425965.0,0.46529808856859883,1
2025-08-05 00:00:00+07:00,8295.164410237388,8394.507696587536,8270.32858864985,8369.671875,69475900,0.0,0.0,0.018126974351956315,0.002976204407853178,8275.2953125,8396.990966796875,98119210.0,0.708076430700981,0
2025-08-06 00:00:00+07:00,8369.671286709337,8369.671286709337,8245.4921875,8245.4921875,56325400,0.0,0.0,-0.014836864497749458,-0.008955265925480793,8260.39375,8387.056640625,96212515.0,0.5854269582288749,0
2025-08-07 00:00:00+07:00,8270.328007341868,8295.163827183735,8245.4921875,8245.4921875,43621300,0.0,0.0,0.0,0.003021162391992682,8265.3609375,8372.155126953125,92805110.0,0.4700312299613674,0
2025-08-08 00:00:00+07:00,8270.328007341868,8344.835466867471,8245.4921875,8245.4921875,68378700,0.0,0.0,0.0,0.0,8265.3609375,8356.01181640625,89424720.0,0.7646509824129167,1
2025-08-11 00:00:00+07:00,8444.178945084064,8493.8505859375,8369.671483803912,8493.8505859375,128561300,0.0,0.0,0.030120506185671525,0.033232667518180214,8319.9998046875,8357.25361328125,89592985.0,1.434948283060331,1
2025-08-12 00:00:00+07:00,8568.358464645127,8816.716681011652,8518.686821371823,8791.880859375,171015700,0.0,0.0,0.0350877697249492,0.050445105934932455,8404.4416015625,8372.155126953125,94282805.0,1.8138588473264028,1
2025-08-13 00:00:00+07:00,8916.05933506215,8916.05933506215,8667.7011363139,8866.3876953125,129083900,0.0,0.0,0.00847450473103839,0.07530120624621595,8528.620703125,8392.023779296875,95863235.0,1.3465422901699489,0
2025-08-14 00:00:00+07:00,8866.387970753205,8891.223791399572,8692.537226228633,8717.373046875,122930900,0.0,0.0,-0.016806692145469926,0.05722894990918337,8622.996875,8404.44169921875,97708960.0,1.2581333380275463,0
2025-08-15 00:00:00+07:00,8767.044332570043,8791.880152209053,8642.865234375,8642.865234375,68754200,0.0,0.0,-0.008547048761061049,0.0481927625227041,8702.471484375,8418.1013671875,97125060.0,0.7078935137852167,0
2025-08-19 00:00:00+07:00,8543.521989889707,8543.521989889707,8394.507071461398,8444.1787109375,128591700,0.0,0.0,-0.022988501850898957,-0.0058479807829722175,8692.537109375,8420.584912109374,98785470.0,1.3017268632725036,1
2025-08-20 00:00:00+07:00,8319.999727937133,8543.522108687683,8295.16390785374,8469.0146484375,202260200,0.0,0.0,0.002941190416521078,-0.036723224086143036,8627.9638671875,8426.79384765625,104999395.0,1.9262987181973763,1
2025-08-21 00:00:00+07:00,8493.8505859375,8518.686406364217,8444.178945084064,8493.8505859375,69470200,0.0,0.0,0.002932565183906277,-0.042016785434721426,8553.4564453125,8433.002783203125,104924430.0,0.6620974733910873,0
2025-08-22 00:00:00+07:00,8518.686922152367,8518.686922152367,8394.5078125,8394.5078125,66394100,0.0,0.0,-0.011695846593060222,-0.03703698724821014,8488.8833984375,8430.51923828125,101331295.0,0.6552181140091026,1
2025-08-25 00:00:00+07:00,8469.014412218841,8493.850231609513,8419.3427734375,8419.3427734375,64052700,0.0,0.0,0.0029584773154323063,-0.025862078706085923,8444.17890625,8431.760986328125,101599790.0,0.6304412637073364,0
2025-08-26 00:00:00+07:00,8394.506865530302,8419.34268465909,8195.8203125,8195.8203125,326794200,0.0,0.0,-0.02654868283100431,-0.02941178851601145,8394.5072265625,8419.34306640625,112965285.0,2.89287279716065,1
2025-08-27 00:00:00+07:00,8195.820547816265,8295.163827183735,8146.148908132531,8245.4921875,111915700,0.0,0.0,0.006060634946357002,-0.026392971345106764,8349.802734375,8414.37587890625,113349055.0,0.9873545041906172,1
2025-08-28 00:00:00+07:00,8295.163945195196,8319.99976539039,8220.65648460961,8270.328125,81281400,0.0,0.0,0.0030120624621596814,-0.02631579855049082,8305.0982421875,8411.89228515625,112508220.0,0.7224485464262078,0
2025-08-29 00:00:00+07:00,8195.820962533862,8220.656783632448,8021.97021484375,8021.97021484375,236499300,0.0,0.0,-0.03002999474779,-0.04437873023377448,8230.59072265625,8401.957983398437,114032870.0,2.0739572721444266,0
2025-09-01 00:00:00+07:00,7599.760922241211,7997.134042358399,7550.089282226562,7947.46240234375,421127500,0.0,0.0,-0.00928796922757602,-0.05604717420254024,8136.2146484375,8387.056494140625,130779440.0,3.2201353668435955,0
2025-09-02 00:00:00+07:00,7947.46240234375,8121.31314239502,7947.46240234375,7947.46240234375,155531500,0.0,0.0,0.0,-0.03030299600120112,8086.54306640625,8373.396801757812,136103290.0,1.142746071751829,0
2025-09-03 00:00:00+07:00,7848.119489615988,7947.46277429467,7848.119489615988,7922.626953125,212372700,0.0,0.0,-0.003124953345035708,-0.03915657513622495,8021.97001953125,8351.044555664062,143248130.0,1.4825512905473879,1
2025-09-04 00:00:00+07:00,7922.626582336426,7947.46240234375,7872.954942321778,7947.46240234375,103534800,0.0,0.0,0.00313474929031643,-0.039039046308244285,7957.396875,8336.14306640625,145608600.0,0.7110486605873554,0
2025-09-08 00:00:00+07:00,7972.298279601258,7972.298279601258,7649.4326171875,7649.4326171875,321191900,0.0,0.0,-0.03749999308815344,-0.046439663533892395,7882.88935546875,8306.340087890625,159487130.0,2.013904821034776,0
2025-09-09 00:00:00+07:00,7574.925314057309,7674.268596864618,7425.910389846345,7475.58203125,595368700,0.0,0.0,-0.022727252416979926,-0.059374973696583955,7788.51328125,8267.844580078125,185836630.0,3.203720924125669,1
2025-09-10 00:00:00+07:00,7500.417677659255,7748.77587890625,7500.417677659255,7748.77587890625,246849600,0.0,0.0,0.036544826411404996,-0.024999995392102292,7748.7759765625,8230.590844726563,191751045.0,1.2873442228176644,1
2025-09-11 00:00:00+07:00,7848.119395650875,7922.626858267814,7798.44775390625,7798.44775390625,235173400,0.0,0.0,0.006410286705441637,-0.015673992976504958,7723.94013671875,8180.919189453125,194958930.0,1.2062714952323548,1
2025-09-12 00:00:00+07:00,7922.626718996451,7922.626718996451,7798.4476168178235,7872.955078125,156084700,0.0,0.0,0.009554122380499352,-0.00937498291237937,7709.038671875,8131.24755859375,196308970.0,0.79509713692655,1
2025-09-15 00:00:00+07:00,7947.462519470405,8046.805800963785,7922.62669909706,7972.29833984375,142567700,0.0,0.0,0.012618293986558449,0.04220780008321179,7773.61181640625,8093.993823242187,197290810.0,0.7226271715342443,0
2025-09-16 00:00:00+07:00,7997.134180303628,8021.970000739354,7848.1192576892745,7872.955078125,129312900,0.0,0.0,-0.012461056709613394,0.05315613489543303,7853.08642578125,8055.498315429688,200318745.0,0.6455356936266748,0
2025-09-17 00:00:00+07:00,7798.44775390625,7848.119395650875,7748.776112161624,7798.44775390625,183725900,0.0,0.0,-0.009463704984900567,0.006410286705441637,7863.02080078125,8023.211767578125,203075455.0,0.9047174115650757,0
2025-09-18 00:00:00+07:00,7798.447538301542,7848.11917867289,7599.760976816153,7649.4326171875,275378700,0.0,0.0,-0.019108307373619127,-0.019108307373619127,7833.2177734375,7982.232666015625,206731380.0,1.3320604738380792,1
2025-09-19 00:00:00+07:00,7599.760958158054,7773.61169903095,7599.760958158054,7748.77587890625,149025300,0.0,0.0,0.012987010500038254,-0.01577288298821644,7808.38193359375,7944.978930664062,210709135.0,0.7072560000780223,0
2025-09-22 00:00:00+07:00,7748.776016383495,7773.611836948827,7674.2685546875,7674.2685546875,92588800,0.0,0.0,-0.009615367044177203,-0.03738317012884029,7748.7759765625,7908.966967773437,212018870.0,0.43670075215474924,1
2025-09-23 00:00:00+07:00,7699.104585193452,7848.11951264881,7699.104585193452,7823.28369140625,102606200,0.0,0.0,0.019417503525822166,-0.006309115983242686,7738.84169921875,7879.164013671875,213946545.0,0.4795880204562313,0
2025-09-24 00:00:00+07:00,7897.790679637259,7897.790679637259,7674.268301911676,7723.93994140625,150428400,0.0,0.0,-0.012698472140174055,-0.009554184993119774,7723.94013671875,7855.569995117187,205128255.0,0.7333382717071327,0
2025-09-25 00:00:00+07:00,7674.268437373174,7723.940077744521,7649.4326171875,7649.4326171875,147986600,0.0,0.0,-0.00964628476968521,0.0,7723.94013671875,7825.767016601562,206931800.0,0.7151467295021838,0
2025-09-26 00:00:00+07:00,7525.253651703381,7649.432754866803,7525.253651703381,7574.92529296875,121657700,0.0,0.0,-0.009740241916941561,-0.022435877441075114,7689.17001953125,7790.996875,208950615.0,0.5822318350199639,1
2025-09-29 00:00:00+07:00,7699.104121658963,7748.775761153537,7649.432482164389,7723.93994140625,116454700,0.0,0.0,0.019672094796211237,0.006472458758093769,7699.104296875,7776.095361328125,202948385.0,0.5738143715703872,0
2025-09-30 00:00:00+07:00,7649.432754866803,7723.940216764857,7574.92529296875,7574.92529296875,170666700,0.0,0.0,-0.019292569539370308,-0.03174605552273624,7649.4326171875,7757.468505859375,190425345.0,0.8962394160294156,0
2025-10-01 00:00:00+07:00,7550.0893750000005,7624.5968359375,7450.74609375,7450.74609375,202433400,0.0,0.0,-0.01639345530364722,-0.0353697529665814,7594.79384765625,7732.6326904296875,192770440.0,1.0501267725487373,0
2025-10-02 00:00:00+07:00,7450.74609375,7550.0893750000005,7450.74609375,7450.74609375,126952400,0.0,0.0,0.0,-0.02597402100007673,7555.05654296875,7709.038647460938,188499425.0,0.6734895875677074,1
2025-10-03 00:00:00+07:00,7475.58203125,7500.417851951827,7450.746210548173,7475.58203125,76787500,0.0,0.0,0.003333349061623858,-0.013114751350876475,7535.187890625,7685.44462890625,187162060.0,0.41027278712362963,0
2025-10-06 00:00:00+07:00,7450.74609375,7500.417734375001,7401.074453125,7450.74609375,104032400,0.0,0.0,-0.0033222747601696634,-0.0353697529665814,7480.54912109375,7675.510302734375,176304085.0,0.5900736786671733,1
2025-10-07 00:00:00+07:00,7500.417598107467,7550.089237830033,7450.745958384901,7525.25341796875,74282600,0.0,0.0,0.00999998165032756,-0.006557407905541601,7470.61474609375,7677.993872070312,150249780.0,0.49439406833074895,0
2025-10-08 00:00:00+07:00,7450.745994438559,7475.581814420021,7326.56689453125,7326.56689453125,168080800,0.0,0.0,-0.02640263555285427,-0.0166666797735755,7445.77890625,7656.8834228515625,146311340.0,1.1487886038088366,1
2025-10-09 00:00:00+07:00,7326.567221129967,7649.432895281458,7252.059757864238,7500.41796875,293567400,0.0,0.0,0.023728859194408924,0.006666698123247938,7455.71328125,7641.98193359375,149231040.0,1.9672006574503536,0
2025-10-10 00:00:00+07:00,7401.0744727882175,7401.0744727882175,7301.731191274282,7351.40283203125,107426000,0.0,0.0,-0.019867577692284866,-0.01661130848402792,7430.87744140625,7615.904321289063,146798105.0,0.7317941876702019,0
2025-10-13 00:00:00+07:00,7252.059686966724,7326.567149504053,7252.059686966724,7276.8955078125,101847900,0.0,0.0,-0.0101351165105672,-0.0233333123622792,7396.10732421875,7581.1341796875,144762115.0,0.7035535505957481,0
2025-10-14 00:00:00+07:00,7227.2240049164875,7301.731468884698,7202.38818359375,7202.38818359375,151862300,0.0,0.0,-0.010238888841918703,-0.04290423410912181,7331.53427734375,7547.6058349609375,145889585.0,1.0409399684014455,0
2025-10-15 00:00:00+07:00,7202.38818359375,7301.731468884698,7177.552362271013,7202.38818359375,133206400,0.0,0.0,0.0,-0.016949099452049032,7306.69853515625,7517.8028564453125,143363610.0,0.9291507098628445,1
2025-10-16 00:00:00+07:00,7202.387929419949,7276.895390758776,7177.552108973673,7252.0595703125,120611200,0.0,0.0,0.006896516190545876,-0.0331126077869619,7257.02685546875,7497.9342041015625,135625235.0,0.8892976296041072,1
2025-10-17 00:00:00+07:00,7252.05953125,7475.5819140625,7227.2237109375,7450.74609375,157334400,0.0,0.0,0.02739725473999921,0.013513510820804875,7276.8955078125,7483.03271484375,136040690.0,1.1565245662896888,1
2025-10-20 00:00:00+07:00,7649.432942708334,7947.462797619048,7574.9254789806555,7823.28369140625,393421800,0.0,0.0,0.0500000393207265,0.07508534140790468,7386.17314453125,7490.483471679688,151082340.0,2.6040224158561482,1
2025-10-21 00:00:00+07:00,8046.805482577433,8419.3427734375,8046.805482577433,8419.3427734375,529802600,0.0,0.0,0.07619039594409838,0.16896542630343636,7629.5640625,7520.28642578125,172442160.0,3.0723495924662507,0
2025-10-22 00:00:00+07:00,8642.865323694741,8642.865323694741,8146.14892578125,8146.14892578125,392957200,0.0,0.0,-0.032448357907241876,0.13103441776955083,7818.3162109375,7541.396875,184568600.0,2.1290577053735036,1
2025-10-23 00:00:00+07:00,8146.149024024025,8295.163945195196,8096.477383633634,8270.328125,187003900,0.0,0.0,0.0152439146828931,0.14041094737499815,8021.969921875,7572.441650390625,186519465.0,1.0025972356289998,0
2025-10-24 00:00:00+07:00,8245.492069486405,8319.99952794562,8220.65625,8220.65625,133355100,0.0,0.0,-0.0060060343736362265,0.1033332966339886,8175.951953125,7604.728198242187,187104335.0,0.7127312149127918,1
2025-10-27 00:00:00+07:00,8270.328241953594,8369.671524139221,8146.149139221557,8295.1640625,182275600,0.0,0.0,0.009063487175978269,0.06031743059657968,8270.32802734375,7633.289404296875,190395380.0,0.9573530618232439,0
2025-10-28 00:00:00+07:00,8295.163708459215,8344.835347432025,8195.820430513595,8220.65625,180270000,0.0,0.0,-0.00898207822517072,-0.023598816295298475,8230.59072265625,7665.575952148438,190875545.0,0.944437381960062,1
2025-10-29 00:00:00+07:00,8245.492607648983,8543.5224609375,8220.656786541607,8543.5224609375,239156800,0.0,0.0,0.03927499230216558,0.04878053897328427,8310.0654296875,7720.214770507812,192711715.0,1.2410081037367138,0
2025-10-30 00:00:00+07:00,8518.686288604289,8692.53702918805,8419.343008270711,8469.0146484375,259009800,0.0,0.0,-0.008720971103038933,0.024024019414284226,8349.802734375,7771.128198242188,199314585.0,1.2995024925044998,0
2025-10-31 00:00:00+07:00,8493.850468520894,8593.193748854472,8469.0146484375,8469.0146484375,177088000,0.0,0.0,0.0,0.030211505126187532,8399.4744140625,7820.799829101563,204329610.0,0.8666781089632579,1
2025-11-03 00:00:00+07:00,8593.1943359375,8593.1943359375,8469.015227036669,8593.1943359375,115007100,0.0,0.0,0.014662825919531386,0.03592819517395762,8459.08046875,7877.9222412109375,204878345.0,0.5613433669624772,0
2025-11-04 00:00:00+07:00,8593.1943359375,8642.865979497832,8568.358514157333,8593.1943359375,155231500,0.0,0.0,0.0,0.045317317086151165,8533.5880859375,7931.319287109375,208925790.0,0.7429982674709522,1
2025-11-05 00:00:00+07:00,8568.357775457975,8642.865234375,8543.521955818966,8642.865234375,125731500,0.0,0.0,0.005780260110000324,0.01162784716628451,8553.456640625,7997.134204101562,206808325.0,0.6079615025168836,0
2025-11-06 00:00:00+07:00,8568.358047217653,8618.029688071088,8493.8505859375,8493.8505859375,89756900,0.0,0.0,-0.017241348140525026,0.002932565183906277,8558.423828125,8046.805834960937,196617800.0,0.45650444669811174,1
2025-11-07 00:00:00+07:00,8493.850200378243,8618.029296875,8493.850200378243,8618.029296875,75241900,0.0,0.0,0.014619836984546275,0.017595275793387932,8588.2267578125,8110.137158203125,195008595.0,0.38583889084478556,0
2025-11-10 00:00:00+07:00,8618.029806509658,8618.029806509658,8518.6865234375,8518.6865234375,79897700,0.0,0.0,-0.011527319067425656,-0.008670560630568036,8573.3251953125,8172.226708984375,193911085.0,0.4120326591953214,0
2025-11-11 00:00:00+07:00,8518.686686197918,8543.522507440477,8344.8359375,8344.8359375,130897600,0.0,0.0,-0.02040814454894946,-0.028901755124848383,8523.653515625,8229.349096679687,192862850.0,0.6787082115607024,1
2025-11-12 00:00:00+07:00,8369.671251723346,8493.850350413602,8344.835431985293,8444.1787109375,85415600,0.0,0.0,0.011904700605445573,-0.022988501850898957,8483.9162109375,8291.438623046875,190473310.0,0.4484386815139612,0
2025-11-13 00:00:00+07:00,8344.835820895521,8419.34328358209,8320.0,8320.0,104113800,0.0,0.0,-0.014705836433406505,-0.020467817767518603,8449.14609375,8344.83564453125,189648440.0,0.5489831606313239,1
2025-11-14 00:00:00+07:00,8320.000231824926,8444.179339762612,8320.000231824926,8369.671875,89815300,0.0,0.0,0.005970177283653788,-0.0288183543266739,8399.474609375,8390.78193359375,186272485.0,0.4821715885735888,1
2025-11-17 00:00:00+07:00,8444.179061133382,8518.6865234375,8419.343240365342,8518.6865234375,129411100,0.0,0.0,0.0178041207185915,0.0,8399.474609375,8425.552075195312,173071950.0,0.7477300625549085,0
2025-11-18 00:00:00+07:00,8493.850864955357,8518.686686197918,8344.8359375,8344.8359375,119377900,0.0,0.0,-0.02040814454894946,0.0,8399.474609375,8421.826733398437,152550715.0,0.7825456603071314,1
2025-11-19 00:00:00+07:00,8295.163676484144,8444.178592828172,8270.327857093473,8419.3427734375,114209700,0.0,0.0,0.008928496197592173,-0.002941190416520967,8394.507421875,8435.48642578125,138613340.0,0.8239445063512646,0
2025-11-20 00:00:00+07:00,8419.343518175074,8543.52262611276,8344.836053412462,8369.671875,124087400,0.0,0.0,-0.005899617081063457,0.005970177283653788,8404.441796875,8440.45361328125,135467515.0,0.9159937716433346,0
2025-11-21 00:00:00+07:00,8320.00011625744,8369.67175874256,8295.164295014882,8344.8359375,103917100,0.0,0.0,-0.002967372899549847,-0.002967372899549847,8399.474609375,8446.66259765625,133995615.0,0.7755261244929544,1
2025-11-24 00:00:00+07:00,8344.835315265487,8419.3427734375,8295.163676484144,8419.3427734375,279590600,0.0,0.0,0.008928496197592173,-0.011661862392362332,8379.605859375,8452.871533203124,138861365.0,2.0134513296769048,1
2025-11-25 00:00:00+07:00,8419.342891199449,8444.1787109375,8319.999612247242,8444.1787109375,98807700,0.0,0.0,0.002949866535705725,0.011904700605445573,8399.4744140625,8464.04765625,134788250.0,0.7330587050429099,0
2025-11-26 00:00:00+07:00,8344.836053412462,8394.507696587536,8320.000231824926,8369.671875,77094400,0.0,0.0,-0.00882345560036446,-0.005899617081063457,8389.540234375,8455.355126953125,126685130.0,0.6085512956414064,0
2025-11-27 00:00:00+07:00,8369.67140578078,8394.507225975976,8270.328125,8270.328125,71051300,0.0,0.0,-0.01186949159819961,-0.01186949159819961,8369.671484375,8445.42080078125,117287205.0,0.6057890116829027,0
2025-11-28 00:00:00+07:00,8270.32788897281,8295.163708459215,8220.65625,8220.65625,67559300,0.0,0.0,-0.0060060343736362265,-0.014881022039266445,8344.835546875,8433.002880859374,111810770.0,0.6042289128319213,1
2025-12-01 00:00:00+07:00,8394.50757998512,8394.50757998512,8295.164295014882,8344.8359375,76359200,0.0,0.0,0.015105811959963633,-0.008849483616769294,8329.9341796875,8420.5849609375,109878375.0,0.6949429312182674,0
2025-12-02 00:00:00+07:00,8295.164179104477,8369.671641791045,8295.164179104477,8320.0,97044000,0.0,0.0,-0.002976204407853289,-0.014705836433406505,8305.0984375,8406.925244140624,106969000.0,0.9072161093400892,0
2025-12-03 00:00:00+07:00,8350.0,8400.0,8300.0,8300.0,103550900,55.0,0.0,-0.0024038461538461453,-0.00832432573708275,8291.1640625,8389.781982421875,105859970.0,0.9781875056265367,0
2025-12-04 00:00:00+07:00,8325.0,8350.0,8225.0,8225.0,71410400,0.0,0.0,-0.009036144578313254,-0.005480813374620475,8282.0984375,8376.339453125,104942645.0,0.6804707466635703,1
2025-12-05 00:00:00+07:00,8200.0,8300.0,8200.0,8300.0,71162300,0.0,0.0,0.00911854103343468,0.009651753775740124,8297.9671875,8360.43798828125,104738665.0,0.6794272201197141,0
2025-12-08 00:00:00+07:00,8350.0,8350.0,8250.0,8300.0,61745200,0.0,0.0,0.0,-0.005372896224180579,8289.0,8349.503662109375,103831040.0,0.5946699561133164,0
2025-12-09 00:00:00+07:00,8300.0,8300.0,8100.0,8100.0,113057200,0.0,0.0,-0.02409638554216864,-0.02644230769230771,8245.0,8337.261865234375,102939020.0,1.0982929505254664,0
2025-12-10 00:00:00+07:00,8100.0,8175.0,8025.0,8075.0,143418300,0.0,0.0,-0.0030864197530864335,-0.027108433734939763,8200.0,8318.8029296875,105839155.0,1.3550590043920892,0
2025-12-11 00:00:00+07:00,8175.0,8200.0,7900.0,8000.0,140766000,0.0,0.0,-0.009287925696594423,-0.027355623100303927,8155.0,8302.8029296875,107671765.0,1.3073622411595092,0
2025-12-12 00:00:00+07:00,7900.0,8000.0,7850.0,8000.0,100006800,0.0,0.0,0.0,-0.03614457831325302,8095.0,8284.3193359375,108181340.0,0.9244366912075594,1
2025-12-15 00:00:00+07:00,7925.0,8300.0,7925.0,8300.0,143105700,0.0,0.0,0.03750000000000009,0.0,8095.0,8273.385009765625,108866070.0,1.3145114910458326,0
